,location_name,run_datetime,infragravity_phase,energy_dominance,energy_ratio,Hs,Tp
0,Frazer Beach,2018-04-24 11:05:00,Negative,Sea-Swell,0.7354124950387582,0.5775741454377038,5.926962400062282
1,Frazer Beach,2018-04-24 11:05:00,Negative,Sea-Swell,0.7354124950387582,0.5775741454377038,5.926962400062282
2,Frazer Beach,2018-04-24 11:05:00,Negative,Sea-Swell,0.7354124950387582,0.5775741454377038,5.926962400062282
3,Frazer Beach,2018-04-24 11:05:00,Positive,Sea-Swell,0.7354124950387582,0.5775741454377038,5.926962400062282
4,Frazer Beach,2018-04-24 11:05:00,Negative,Sea-Swell,0.7354124950387582,0.5775741454377038,5.926962400062282
5,Frazer Beach,2018-04-24 11:05:00,Negative,Sea-Swell,0.7354124950387582,0.5775741454377038,5.926962400062282
6,Frazer Beach,2018-04-24 11:05:00,Negative,Sea-Swell,0.7354124950387582,0.5775741454377038,5.926962400062282
7,Frazer Beach,2018-04-24 11:05:00,Positive,Sea-Swell,0.7354124950387582,0.5775741454377038,5.926962400062282
8,Frazer Beach,2018-04-24 11:05:00,Positive,Sea-Swell,0.7354124950387582,0.5775741454377038,5.926962400062282
9,Frazer Beach,2018-04-24 11:05:00,Negative,Sea-Swell,0.7354124950387582,0.5775741454377038,5.926962400062282
10,Frazer Beach,2018-04-24 11:05:00,Negative,Infragravity,0.7354124950387582,0.5775741454377038,5.926962400062282
11,Frazer Beach,2018-04-24 11:10:00,Positive,Infragravity,0.7254169620672425,0.5635805160069319,5.606844328671069
12,Frazer Beach,2018-04-24 11:10:00,Negative,Infragravity,0.7254169620672425,0.5635805160069319,5.606844328671069
13,Frazer Beach,2018-04-24 11:10:00,Negative,Sea-Swell,0.7254169620672425,0.5635805160069319,5.606844328671069
14,Frazer Beach,2018-04-24 11:10:00,Negative,Infragravity,0.7254169620672425,0.5635805160069319,5.606844328671069
15,Frazer Beach,2018-04-24 11:10:00,Positive,Infragravity,0.7254169620672425,0.5635805160069319,5.606844328671069
16,Frazer Beach,2018-04-24 11:10:00,Negative,Infragravity,0.7254169620672425,0.5635805160069319,5.606844328671069
17,Frazer Beach,2018-04-24 11:10:00,Negative,Sea-Swell,0.7254169620672425,0.5635805160069319,5.606844328671069
18,Frazer Beach,2018-04-24 11:10:00,Negative,Infragravity,0.7254169620672425,0.5635805160069319,5.606844328671069
19,Frazer Beach,2018-04-24 11:10:00,Negative,Sea-Swell,0.7254169620672425,0.5635805160069319,5.606844328671069
20,Frazer Beach,2018-04-24 11:10:00,Negative,Infragravity,0.7254169620672425,0.5635805160069319,5.606844328671069
21,Frazer Beach,2018-04-24 11:10:00,Negative,Infragravity,0.7254169620672425,0.5635805160069319,5.606844328671069
22,Frazer Beach,2018-04-24 11:10:00,Positive,Sea-Swell,0.7254169620672425,0.5635805160069319,5.606844328671069
23,Frazer Beach,2018-04-24 11:10:00,Positive,Sea-Swell,0.7254169620672425,0.5635805160069319,5.606844328671069
24,Frazer Beach,2018-04-24 11:10:00,Positive,Infragravity,0.7254169620672425,0.5635805160069319,5.606844328671069
25,Frazer Beach,2018-04-24 11:10:00,Positive,Infragravity,0.7254169620672425,0.5635805160069319,5.606844328671069
26,Frazer Beach,2018-04-24 11:10:00,Positive,Infragravity,0.7254169620672425,0.5635805160069319,5.606844328671069
27,Frazer Beach,2018-04-24 11:10:00,Positive,Infragravity,0.7254169620672425,0.5635805160069319,5.606844328671069
28,Frazer Beach,2018-04-24 11:10:00,Negative,Infragravity,0.7254169620672425,0.5635805160069319,5.606844328671069
29,Frazer Beach,2018-04-24 11:10:00,Positive,Sea-Swell,0.7254169620672425,0.5635805160069319,5.606844328671069
30,Frazer Beach,2018-04-24 11:15:00,Positive,Sea-Swell,0.6862724614528088,0.5976424467227981,5.87908894085822
31,Frazer Beach,2018-04-24 11:15:00,Positive,Sea-Swell,0.6862724614528088,0.5976424467227981,5.87908894085822
32,Frazer Beach,2018-04-24 11:15:00,Negative,Sea-Swell,0.6862724614528088,0.5976424467227981,5.87908894085822
33,Frazer Beach,2018-04-24 11:15:00,Positive,Infragravity,0.6862724614528088,0.5976424467227981,5.87908894085822
34,Frazer Beach,2018-04-24 11:15:00,Negative,Sea-Swell,0.6862724614528088,0.5976424467227981,5.87908894085822
35,Frazer Beach,2018-04-24 11:15:00,Positive,Sea-Swell,0.6862724614528088,0.5976424467227981,5.87908894085822
36,Frazer Beach,2018-04-24 11:15:00,Positive,Sea-Swell,0.6862724614528088,0.5976424467227981,5.87908894085822
37,Frazer Beach,2018-04-24 11:15:00,Positive,Sea-Swell,0.6862724614528088,0.5976424467227981,5.87908894085822
38,Frazer Beach,2018-04-24 11:15:00,Positive,Sea-Swell,0.6862724614528088,0.5976424467227981,5.87908894085822
39,Frazer Beach,2018-04-24 11:15:00,Positive,Sea-Swell,0.6862724614528088,0.5976424467227981,5.87908894085822
40,Frazer Beach,2018-04-24 11:15:00,Positive,Sea-Swell,0.6862724614528088,0.5976424467227981,5.87908894085822
41,Frazer Beach,2018-04-24 11:15:00,Positive,Sea-Swell,0.6862724614528088,0.5976424467227981,5.87908894085822
42,Frazer Beach,2018-04-24 11:15:00,Positive,Sea-Swell,0.6862724614528088,0.5976424467227981,5.87908894085822
43,Frazer Beach,2018-04-24 11:15:00,Positive,Sea-Swell,0.6862724614528088,0.5976424467227981,5.87908894085822
44,Frazer Beach,2018-04-24 11:15:00,Positive,Sea-Swell,0.6862724614528088,0.5976424467227981,5.87908894085822
45,Frazer Beach,2018-04-24 11:15:00,Negative,Sea-Swell,0.6862724614528088,0.5976424467227981,5.87908894085822
46,Frazer Beach,2018-04-24 11:15:00,Positive,Sea-Swell,0.6862724614528088,0.5976424467227981,5.87908894085822
47,Frazer Beach,2018-04-24 11:15:00,Negative,Sea-Swell,0.6862724614528088,0.5976424467227981,5.87908894085822
48,Frazer Beach,2018-04-24 11:15:00,Positive,Sea-Swell,0.6862724614528088,0.5976424467227981,5.87908894085822
49,Frazer Beach,2018-04-24 11:20:00,Negative,Sea-Swell,0.483950719019249,0.6011191544425422,5.695740278061948
50,Frazer Beach,2018-04-24 11:20:00,Negative,Sea-Swell,0.483950719019249,0.6011191544425422,5.695740278061948
51,Frazer Beach,2018-04-24 11:20:00,Positive,Infragravity,0.483950719019249,0.6011191544425422,5.695740278061948
52,Frazer Beach,2018-04-24 11:20:00,Negative,Sea-Swell,0.483950719019249,0.6011191544425422,5.695740278061948
53,Frazer Beach,2018-04-24 11:20:00,Negative,Sea-Swell,0.483950719019249,0.6011191544425422,5.695740278061948
54,Frazer Beach,2018-04-24 11:20:00,Negative,Sea-Swell,0.483950719019249,0.6011191544425422,5.695740278061948
55,Frazer Beach,2018-04-24 11:20:00,Positive,Sea-Swell,0.483950719019249,0.6011191544425422,5.695740278061948
56,Frazer Beach,2018-04-24 11:20:00,Negative,Sea-Swell,0.483950719019249,0.6011191544425422,5.695740278061948
57,Frazer Beach,2018-04-24 11:20:00,Positive,Sea-Swell,0.483950719019249,0.6011191544425422,5.695740278061948
58,Frazer Beach,2018-04-24 11:20:00,Positive,Sea-Swell,0.483950719019249,0.6011191544425422,5.695740278061948
59,Frazer Beach,2018-04-24 11:20:00,Positive,Sea-Swell,0.483950719019249,0.6011191544425422,5.695740278061948
60,Frazer Beach,2018-04-24 11:20:00,Positive,Sea-Swell,0.483950719019249,0.6011191544425422,5.695740278061948
61,Frazer Beach,2018-04-24 11:20:00,Positive,Sea-Swell,0.483950719019249,0.6011191544425422,5.695740278061948
62,Frazer Beach,2018-04-24 11:20:00,Positive,Sea-Swell,0.483950719019249,0.6011191544425422,5.695740278061948
63,Frazer Beach,2018-04-24 11:20:00,Positive,Sea-Swell,0.483950719019249,0.6011191544425422,5.695740278061948
64,Frazer Beach,2018-04-24 11:20:00,Positive,Sea-Swell,0.483950719019249,0.6011191544425422,5.695740278061948
65,Frazer Beach,2018-04-24 11:20:00,Negative,Sea-Swell,0.483950719019249,0.6011191544425422,5.695740278061948
66,Frazer Beach,2018-04-24 11:20:00,Negative,Sea-Swell,0.483950719019249,0.6011191544425422,5.695740278061948
67,Frazer Beach,2018-04-24 11:20:00,Negative,Sea-Swell,0.483950719019249,0.6011191544425422,5.695740278061948
68,Frazer Beach,2018-04-24 11:20:00,Positive,Sea-Swell,0.483950719019249,0.6011191544425422,5.695740278061948
69,Frazer Beach,2018-04-24 11:20:00,Positive,Infragravity,0.483950719019249,0.6011191544425422,5.695740278061948
70,Frazer Beach,2018-04-24 11:20:00,Positive,Infragravity,0.483950719019249,0.6011191544425422,5.695740278061948
71,Frazer Beach,2018-04-24 11:25:00,Negative,Sea-Swell,0.5837009254979679,0.5848551051602567,5.976283689734874
72,Frazer Beach,2018-04-24 11:25:00,Negative,Sea-Swell,0.5837009254979679,0.5848551051602567,5.976283689734874
73,Frazer Beach,2018-04-24 11:25:00,Positive,Sea-Swell,0.5837009254979679,0.5848551051602567,5.976283689734874
74,Frazer Beach,2018-04-24 11:25:00,Negative,Infragravity,0.5837009254979679,0.5848551051602567,5.976283689734874
75,Frazer Beach,2018-04-24 11:25:00,Negative,Sea-Swell,0.5837009254979679,0.5848551051602567,5.976283689734874
76,Frazer Beach,2018-04-24 11:25:00,Negative,Sea-Swell,0.5837009254979679,0.5848551051602567,5.976283689734874
77,Frazer Beach,2018-04-24 11:25:00,Positive,Sea-Swell,0.5837009254979679,0.5848551051602567,5.976283689734874
78,Frazer Beach,2018-04-24 11:25:00,Negative,Sea-Swell,0.5837009254979679,0.5848551051602567,5.976283689734874
79,Frazer Beach,2018-04-24 11:25:00,Negative,Sea-Swell,0.5837009254979679,0.5848551051602567,5.976283689734874
80,Frazer Beach,2018-04-24 11:25:00,Negative,Sea-Swell,0.5837009254979679,0.5848551051602567,5.976283689734874
81,Frazer Beach,2018-04-24 11:25:00,Positive,Sea-Swell,0.5837009254979679,0.5848551051602567,5.976283689734874
82,Frazer Beach,2018-04-24 11:25:00,Negative,Sea-Swell,0.5837009254979679,0.5848551051602567,5.976283689734874
83,Frazer Beach,2018-04-24 11:25:00,Negative,Sea-Swell,0.5837009254979679,0.5848551051602567,5.976283689734874
84,Frazer Beach,2018-04-24 11:25:00,Positive,Sea-Swell,0.5837009254979679,0.5848551051602567,5.976283689734874
85,Frazer Beach,2018-04-24 11:30:00,Negative,Infragravity,0.7587396324313578,0.6738478888519446,5.967739452114883
86,Frazer Beach,2018-04-24 11:30:00,Negative,Infragravity,0.7587396324313578,0.6738478888519446,5.967739452114883
87,Frazer Beach,2018-04-24 11:30:00,Positive,Infragravity,0.7587396324313578,0.6738478888519446,5.967739452114883
88,Frazer Beach,2018-04-24 11:30:00,Negative,Sea-Swell,0.7587396324313578,0.6738478888519446,5.967739452114883
89,Frazer Beach,2018-04-24 11:30:00,Negative,Sea-Swell,0.7587396324313578,0.6738478888519446,5.967739452114883
90,Frazer Beach,2018-04-24 11:30:00,Positive,Sea-Swell,0.7587396324313578,0.6738478888519446,5.967739452114883
91,Frazer Beach,2018-04-24 11:30:00,Positive,Sea-Swell,0.7587396324313578,0.6738478888519446,5.967739452114883
92,Frazer Beach,2018-04-24 11:30:00,Positive,Sea-Swell,0.7587396324313578,0.6738478888519446,5.967739452114883
93,Frazer Beach,2018-04-24 11:30:00,Positive,Sea-Swell,0.7587396324313578,0.6738478888519446,5.967739452114883
94,Frazer Beach,2018-04-24 11:30:00,Negative,Infragravity,0.7587396324313578,0.6738478888519446,5.967739452114883
95,Frazer Beach,2018-04-24 11:30:00,Negative,Sea-Swell,0.7587396324313578,0.6738478888519446,5.967739452114883
96,Frazer Beach,2018-04-24 11:30:00,Negative,Sea-Swell,0.7587396324313578,0.6738478888519446,5.967739452114883
97,Frazer Beach,2018-04-24 11:30:00,Negative,Sea-Swell,0.7587396324313578,0.6738478888519446,5.967739452114883
98,Frazer Beach,2018-04-24 11:30:00,Negative,Sea-Swell,0.7587396324313578,0.6738478888519446,5.967739452114883
99,Frazer Beach,2018-04-24 11:30:00,Positive,Infragravity,0.7587396324313578,0.6738478888519446,5.967739452114883
100,Frazer Beach,2018-04-24 11:30:00,Negative,Sea-Swell,0.7587396324313578,0.6738478888519446,5.967739452114883
101,Frazer Beach,2018-04-24 11:30:00,Negative,Sea-Swell,0.7587396324313578,0.6738478888519446,5.967739452114883
102,Frazer Beach,2018-04-24 11:30:00,Negative,Sea-Swell,0.7587396324313578,0.6738478888519446,5.967739452114883
103,Frazer Beach,2018-04-24 11:35:00,Positive,Infragravity,0.8175376477284085,0.601164732579103,5.719673601191054
104,Frazer Beach,2018-04-24 11:35:00,Positive,Sea-Swell,0.8175376477284085,0.601164732579103,5.719673601191054
105,Frazer Beach,2018-04-24 11:35:00,Positive,Sea-Swell,0.8175376477284085,0.601164732579103,5.719673601191054
106,Frazer Beach,2018-04-24 11:35:00,Positive,Sea-Swell,0.8175376477284085,0.601164732579103,5.719673601191054
107,Frazer Beach,2018-04-24 11:35:00,Negative,Sea-Swell,0.8175376477284085,0.601164732579103,5.719673601191054
108,Frazer Beach,2018-04-24 11:35:00,Negative,Infragravity,0.8175376477284085,0.601164732579103,5.719673601191054
109,Frazer Beach,2018-04-24 11:35:00,Negative,Sea-Swell,0.8175376477284085,0.601164732579103,5.719673601191054
110,Frazer Beach,2018-04-24 11:35:00,Negative,Sea-Swell,0.8175376477284085,0.601164732579103,5.719673601191054
111,Frazer Beach,2018-04-24 11:35:00,Positive,Sea-Swell,0.8175376477284085,0.601164732579103,5.719673601191054
112,Frazer Beach,2018-04-24 11:35:00,Positive,Infragravity,0.8175376477284085,0.601164732579103,5.719673601191054
113,Frazer Beach,2018-04-24 11:35:00,Negative,Sea-Swell,0.8175376477284085,0.601164732579103,5.719673601191054
114,Frazer Beach,2018-04-24 11:35:00,Positive,Sea-Swell,0.8175376477284085,0.601164732579103,5.719673601191054
115,Frazer Beach,2018-04-24 11:35:00,Negative,Infragravity,0.8175376477284085,0.601164732579103,5.719673601191054
116,Frazer Beach,2018-04-24 11:35:00,Negative,Sea-Swell,0.8175376477284085,0.601164732579103,5.719673601191054
117,Frazer Beach,2018-04-24 11:35:00,Positive,Sea-Swell,0.8175376477284085,0.601164732579103,5.719673601191054
118,Frazer Beach,2018-04-24 11:35:00,Negative,Infragravity,0.8175376477284085,0.601164732579103,5.719673601191054
119,Frazer Beach,2018-04-24 11:35:00,Negative,Infragravity,0.8175376477284085,0.601164732579103,5.719673601191054
120,Frazer Beach,2018-04-24 11:35:00,Positive,Infragravity,0.8175376477284085,0.601164732579103,5.719673601191054
121,Frazer Beach,2018-04-24 11:35:00,Negative,Sea-Swell,0.8175376477284085,0.601164732579103,5.719673601191054
122,Frazer Beach,2018-04-24 11:35:00,Negative,Sea-Swell,0.8175376477284085,0.601164732579103,5.719673601191054
123,Frazer Beach,2018-04-24 11:35:00,Positive,Infragravity,0.8175376477284085,0.601164732579103,5.719673601191054
124,Frazer Beach,2018-04-24 11:35:00,Positive,Infragravity,0.8175376477284085,0.601164732579103,5.719673601191054
125,Frazer Beach,2018-04-24 11:35:00,Negative,Infragravity,0.8175376477284085,0.601164732579103,5.719673601191054
126,Frazer Beach,2018-04-24 11:35:00,Negative,Infragravity,0.8175376477284085,0.601164732579103,5.719673601191054
127,Frazer Beach,2018-04-24 11:40:00,Negative,Sea-Swell,0.8450427273033106,0.585233545172017,5.508558689381867
128,Frazer Beach,2018-04-24 11:40:00,Negative,Sea-Swell,0.8450427273033106,0.585233545172017,5.508558689381867
129,Frazer Beach,2018-04-24 11:40:00,Negative,Sea-Swell,0.8450427273033106,0.585233545172017,5.508558689381867
130,Frazer Beach,2018-04-24 11:40:00,Positive,Infragravity,0.8450427273033106,0.585233545172017,5.508558689381867
131,Frazer Beach,2018-04-24 11:40:00,Positive,Infragravity,0.8450427273033106,0.585233545172017,5.508558689381867
132,Frazer Beach,2018-04-24 11:40:00,Positive,Infragravity,0.8450427273033106,0.585233545172017,5.508558689381867
133,Frazer Beach,2018-04-24 11:40:00,Positive,Infragravity,0.8450427273033106,0.585233545172017,5.508558689381867
134,Frazer Beach,2018-04-24 11:40:00,Negative,Infragravity,0.8450427273033106,0.585233545172017,5.508558689381867
135,Frazer Beach,2018-04-24 11:40:00,Negative,Sea-Swell,0.8450427273033106,0.585233545172017,5.508558689381867
136,Frazer Beach,2018-04-24 11:40:00,Negative,Sea-Swell,0.8450427273033106,0.585233545172017,5.508558689381867
137,Frazer Beach,2018-04-24 11:40:00,Negative,Infragravity,0.8450427273033106,0.585233545172017,5.508558689381867
138,Frazer Beach,2018-04-24 11:40:00,Negative,Infragravity,0.8450427273033106,0.585233545172017,5.508558689381867
139,Frazer Beach,2018-04-24 11:40:00,Negative,Infragravity,0.8450427273033106,0.585233545172017,5.508558689381867
140,Frazer Beach,2018-04-24 11:40:00,Positive,Infragravity,0.8450427273033106,0.585233545172017,5.508558689381867
141,Frazer Beach,2018-04-24 11:40:00,Negative,Infragravity,0.8450427273033106,0.585233545172017,5.508558689381867
142,Frazer Beach,2018-04-24 11:40:00,Negative,Infragravity,0.8450427273033106,0.585233545172017,5.508558689381867
143,Frazer Beach,2018-04-24 11:40:00,Negative,Infragravity,0.8450427273033106,0.585233545172017,5.508558689381867
144,Frazer Beach,2018-04-24 11:45:00,Negative,Sea-Swell,0.6125052852299481,0.5762977579368852,5.3123467377605005
145,Frazer Beach,2018-04-24 11:45:00,Negative,Sea-Swell,0.6125052852299481,0.5762977579368852,5.3123467377605005
146,Frazer Beach,2018-04-24 11:45:00,Negative,Infragravity,0.6125052852299481,0.5762977579368852,5.3123467377605005
147,Frazer Beach,2018-04-24 11:45:00,Negative,Infragravity,0.6125052852299481,0.5762977579368852,5.3123467377605005
148,Frazer Beach,2018-04-24 11:45:00,Negative,Infragravity,0.6125052852299481,0.5762977579368852,5.3123467377605005
149,Frazer Beach,2018-04-24 11:45:00,Negative,Infragravity,0.6125052852299481,0.5762977579368852,5.3123467377605005
150,Frazer Beach,2018-04-24 11:45:00,Negative,Sea-Swell,0.6125052852299481,0.5762977579368852,5.3123467377605005
151,Frazer Beach,2018-04-24 11:45:00,Negative,Sea-Swell,0.6125052852299481,0.5762977579368852,5.3123467377605005
152,Frazer Beach,2018-04-24 11:45:00,Negative,Sea-Swell,0.6125052852299481,0.5762977579368852,5.3123467377605005
153,Frazer Beach,2018-04-24 11:45:00,Negative,Sea-Swell,0.6125052852299481,0.5762977579368852,5.3123467377605005
154,Frazer Beach,2018-04-24 11:45:00,Negative,Sea-Swell,0.6125052852299481,0.5762977579368852,5.3123467377605005
155,Frazer Beach,2018-04-24 11:45:00,Positive,Sea-Swell,0.6125052852299481,0.5762977579368852,5.3123467377605005
156,Frazer Beach,2018-04-24 11:45:00,Positive,Sea-Swell,0.6125052852299481,0.5762977579368852,5.3123467377605005
157,Frazer Beach,2018-04-24 11:45:00,Positive,Sea-Swell,0.6125052852299481,0.5762977579368852,5.3123467377605005
158,Frazer Beach,2018-04-24 11:45:00,Positive,Sea-Swell,0.6125052852299481,0.5762977579368852,5.3123467377605005
159,Frazer Beach,2018-04-24 11:45:00,Negative,Sea-Swell,0.6125052852299481,0.5762977579368852,5.3123467377605005
160,Frazer Beach,2018-04-24 11:45:00,Negative,Sea-Swell,0.6125052852299481,0.5762977579368852,5.3123467377605005
161,Frazer Beach,2018-04-24 11:45:00,Negative,Sea-Swell,0.6125052852299481,0.5762977579368852,5.3123467377605005
162,Frazer Beach,2018-04-24 11:45:00,Negative,Infragravity,0.6125052852299481,0.5762977579368852,5.3123467377605005
163,Frazer Beach,2018-04-24 11:45:00,Negative,Sea-Swell,0.6125052852299481,0.5762977579368852,5.3123467377605005
164,Frazer Beach,2018-04-24 11:45:00,Positive,Infragravity,0.6125052852299481,0.5762977579368852,5.3123467377605005
165,Frazer Beach,2018-04-24 11:45:00,Negative,Sea-Swell,0.6125052852299481,0.5762977579368852,5.3123467377605005
166,Frazer Beach,2018-04-24 11:45:00,Positive,Sea-Swell,0.6125052852299481,0.5762977579368852,5.3123467377605005
167,Frazer Beach,2018-04-24 11:50:00,Negative,Sea-Swell,0.4767308740333604,0.6136187603094456,5.467990946511916
168,Frazer Beach,2018-04-24 11:50:00,Negative,Sea-Swell,0.4767308740333604,0.6136187603094456,5.467990946511916
169,Frazer Beach,2018-04-24 11:50:00,Positive,Sea-Swell,0.4767308740333604,0.6136187603094456,5.467990946511916
170,Frazer Beach,2018-04-24 11:50:00,Negative,Sea-Swell,0.4767308740333604,0.6136187603094456,5.467990946511916
171,Frazer Beach,2018-04-24 11:50:00,Negative,Sea-Swell,0.4767308740333604,0.6136187603094456,5.467990946511916
172,Frazer Beach,2018-04-24 11:50:00,Positive,Sea-Swell,0.4767308740333604,0.6136187603094456,5.467990946511916
173,Frazer Beach,2018-04-24 11:50:00,Positive,Sea-Swell,0.4767308740333604,0.6136187603094456,5.467990946511916
174,Frazer Beach,2018-04-24 11:50:00,Positive,Sea-Swell,0.4767308740333604,0.6136187603094456,5.467990946511916
175,Frazer Beach,2018-04-24 11:50:00,Positive,Sea-Swell,0.4767308740333604,0.6136187603094456,5.467990946511916
176,Frazer Beach,2018-04-24 11:50:00,Negative,Sea-Swell,0.4767308740333604,0.6136187603094456,5.467990946511916
177,Frazer Beach,2018-04-24 11:50:00,Negative,Sea-Swell,0.4767308740333604,0.6136187603094456,5.467990946511916
178,Frazer Beach,2018-04-24 11:50:00,Positive,Sea-Swell,0.4767308740333604,0.6136187603094456,5.467990946511916
179,Frazer Beach,2018-04-24 11:50:00,Negative,Sea-Swell,0.4767308740333604,0.6136187603094456,5.467990946511916
180,Frazer Beach,2018-04-24 11:50:00,Negative,Sea-Swell,0.4767308740333604,0.6136187603094456,5.467990946511916
181,Frazer Beach,2018-04-24 11:50:00,Negative,Sea-Swell,0.4767308740333604,0.6136187603094456,5.467990946511916
182,Frazer Beach,2018-04-24 11:50:00,Negative,Sea-Swell,0.4767308740333604,0.6136187603094456,5.467990946511916
183,Frazer Beach,2018-04-24 11:50:00,Positive,Infragravity,0.4767308740333604,0.6136187603094456,5.467990946511916
184,Seven Mile Beach,2018-06-14 11:35:00,Positive,Sea-Swell,0.6226968655091392,0.5465147317436441,4.877626642633377
185,Seven Mile Beach,2018-06-14 11:35:00,Positive,Sea-Swell,0.6226968655091392,0.5465147317436441,4.877626642633377
186,Seven Mile Beach,2018-06-14 11:35:00,Positive,Sea-Swell,0.6226968655091392,0.5465147317436441,4.877626642633377
187,Seven Mile Beach,2018-06-14 11:35:00,Positive,Sea-Swell,0.6226968655091392,0.5465147317436441,4.877626642633377
188,Seven Mile Beach,2018-06-14 11:35:00,Negative,Sea-Swell,0.6226968655091392,0.5465147317436441,4.877626642633377
189,Seven Mile Beach,2018-06-14 11:35:00,Positive,Sea-Swell,0.6226968655091392,0.5465147317436441,4.877626642633377
190,Seven Mile Beach,2018-06-14 11:35:00,Positive,Sea-Swell,0.6226968655091392,0.5465147317436441,4.877626642633377
191,Seven Mile Beach,2018-06-14 11:35:00,Positive,Sea-Swell,0.6226968655091392,0.5465147317436441,4.877626642633377
192,Seven Mile Beach,2018-06-14 11:35:00,Positive,Sea-Swell,0.6226968655091392,0.5465147317436441,4.877626642633377
193,Seven Mile Beach,2018-06-14 11:35:00,Positive,Infragravity,0.6226968655091392,0.5465147317436441,4.877626642633377
194,Seven Mile Beach,2018-06-14 11:35:00,Positive,Sea-Swell,0.6226968655091392,0.5465147317436441,4.877626642633377
195,Seven Mile Beach,2018-06-14 11:35:00,Positive,Sea-Swell,0.6226968655091392,0.5465147317436441,4.877626642633377
196,Seven Mile Beach,2018-06-14 11:35:00,Positive,Sea-Swell,0.6226968655091392,0.5465147317436441,4.877626642633377
197,Seven Mile Beach,2018-06-14 11:35:00,Positive,Sea-Swell,0.6226968655091392,0.5465147317436441,4.877626642633377
198,Seven Mile Beach,2018-06-14 11:35:00,Negative,Infragravity,0.6226968655091392,0.5465147317436441,4.877626642633377
199,Seven Mile Beach,2018-06-14 11:35:00,Negative,Infragravity,0.6226968655091392,0.5465147317436441,4.877626642633377
200,Seven Mile Beach,2018-06-14 11:40:00,Negative,Sea-Swell,0.9771373909040731,0.48018415472652476,5.312275019897995
201,Seven Mile Beach,2018-06-14 11:40:00,Negative,Sea-Swell,0.9771373909040731,0.48018415472652476,5.312275019897995
202,Seven Mile Beach,2018-06-14 11:40:00,Positive,Infragravity,0.9771373909040731,0.48018415472652476,5.312275019897995
203,Seven Mile Beach,2018-06-14 11:40:00,Positive,Infragravity,0.9771373909040731,0.48018415472652476,5.312275019897995
204,Seven Mile Beach,2018-06-14 11:40:00,Negative,Sea-Swell,0.9771373909040731,0.48018415472652476,5.312275019897995
205,Seven Mile Beach,2018-06-14 11:40:00,Negative,Sea-Swell,0.9771373909040731,0.48018415472652476,5.312275019897995
206,Seven Mile Beach,2018-06-14 11:40:00,Negative,Sea-Swell,0.9771373909040731,0.48018415472652476,5.312275019897995
207,Seven Mile Beach,2018-06-14 11:40:00,Positive,Infragravity,0.9771373909040731,0.48018415472652476,5.312275019897995
208,Seven Mile Beach,2018-06-14 11:40:00,Positive,Infragravity,0.9771373909040731,0.48018415472652476,5.312275019897995
209,Seven Mile Beach,2018-06-14 11:40:00,Negative,Infragravity,0.9771373909040731,0.48018415472652476,5.312275019897995
210,Seven Mile Beach,2018-06-14 11:45:00,Negative,Sea-Swell,0.9612268088417323,0.4807472250353673,5.400589621336752
211,Seven Mile Beach,2018-06-14 11:45:00,Negative,Sea-Swell,0.9612268088417323,0.4807472250353673,5.400589621336752
212,Seven Mile Beach,2018-06-14 11:45:00,Negative,Infragravity,0.9612268088417323,0.4807472250353673,5.400589621336752
213,Seven Mile Beach,2018-06-14 11:45:00,Negative,Infragravity,0.9612268088417323,0.4807472250353673,5.400589621336752
214,Seven Mile Beach,2018-06-14 11:45:00,Positive,Sea-Swell,0.9612268088417323,0.4807472250353673,5.400589621336752
215,Seven Mile Beach,2018-06-14 11:45:00,Positive,Sea-Swell,0.9612268088417323,0.4807472250353673,5.400589621336752
216,Seven Mile Beach,2018-06-14 11:45:00,Positive,Sea-Swell,0.9612268088417323,0.4807472250353673,5.400589621336752
217,Seven Mile Beach,2018-06-14 11:45:00,Negative,Infragravity,0.9612268088417323,0.4807472250353673,5.400589621336752
218,Seven Mile Beach,2018-06-14 11:45:00,Negative,Infragravity,0.9612268088417323,0.4807472250353673,5.400589621336752
219,Seven Mile Beach,2018-06-14 11:45:00,Negative,Infragravity,0.9612268088417323,0.4807472250353673,5.400589621336752
220,Seven Mile Beach,2018-06-14 11:45:00,Negative,Infragravity,0.9612268088417323,0.4807472250353673,5.400589621336752
221,Seven Mile Beach,2018-06-14 11:45:00,Negative,Infragravity,0.9612268088417323,0.4807472250353673,5.400589621336752
222,Seven Mile Beach,2018-06-14 11:45:00,Negative,Infragravity,0.9612268088417323,0.4807472250353673,5.400589621336752
223,Seven Mile Beach,2018-06-14 11:45:00,Negative,Infragravity,0.9612268088417323,0.4807472250353673,5.400589621336752
224,Seven Mile Beach,2018-06-14 11:45:00,Positive,Sea-Swell,0.9612268088417323,0.4807472250353673,5.400589621336752
225,Seven Mile Beach,2018-06-14 11:45:00,Positive,Sea-Swell,0.9612268088417323,0.4807472250353673,5.400589621336752
226,Seven Mile Beach,2018-06-14 11:50:00,Negative,Sea-Swell,1.1508525888755163,0.4429616064941364,5.539061803116824
227,Seven Mile Beach,2018-06-14 11:50:00,Positive,Infragravity,1.1508525888755163,0.4429616064941364,5.539061803116824
228,Seven Mile Beach,2018-06-14 11:50:00,Positive,Infragravity,1.1508525888755163,0.4429616064941364,5.539061803116824
229,Seven Mile Beach,2018-06-14 11:50:00,Negative,Infragravity,1.1508525888755163,0.4429616064941364,5.539061803116824
230,Seven Mile Beach,2018-06-14 11:50:00,Positive,Sea-Swell,1.1508525888755163,0.4429616064941364,5.539061803116824
231,Seven Mile Beach,2018-06-14 11:50:00,Negative,Sea-Swell,1.1508525888755163,0.4429616064941364,5.539061803116824
232,Seven Mile Beach,2018-06-14 11:50:00,Negative,Sea-Swell,1.1508525888755163,0.4429616064941364,5.539061803116824
233,Seven Mile Beach,2018-06-14 11:50:00,Positive,Sea-Swell,1.1508525888755163,0.4429616064941364,5.539061803116824
234,Seven Mile Beach,2018-06-14 11:50:00,Positive,Infragravity,1.1508525888755163,0.4429616064941364,5.539061803116824
235,Seven Mile Beach,2018-06-14 11:50:00,Positive,Infragravity,1.1508525888755163,0.4429616064941364,5.539061803116824
236,Seven Mile Beach,2018-06-14 11:50:00,Negative,Infragravity,1.1508525888755163,0.4429616064941364,5.539061803116824
237,Seven Mile Beach,2018-06-14 11:50:00,Negative,Sea-Swell,1.1508525888755163,0.4429616064941364,5.539061803116824
238,Seven Mile Beach,2018-06-14 11:50:00,Negative,Infragravity,1.1508525888755163,0.4429616064941364,5.539061803116824
239,Seven Mile Beach,2018-06-14 11:55:00,Positive,Infragravity,1.1299067083374432,0.43129830117841655,5.426045001910774
240,Seven Mile Beach,2018-06-14 11:55:00,Positive,Infragravity,1.1299067083374432,0.43129830117841655,5.426045001910774
241,Seven Mile Beach,2018-06-14 11:55:00,Positive,Sea-Swell,1.1299067083374432,0.43129830117841655,5.426045001910774
242,Seven Mile Beach,2018-06-14 11:55:00,Positive,Sea-Swell,1.1299067083374432,0.43129830117841655,5.426045001910774
243,Seven Mile Beach,2018-06-14 11:55:00,Positive,Infragravity,1.1299067083374432,0.43129830117841655,5.426045001910774
244,Seven Mile Beach,2018-06-14 11:55:00,Positive,Infragravity,1.1299067083374432,0.43129830117841655,5.426045001910774
245,Seven Mile Beach,2018-06-14 11:55:00,Positive,Infragravity,1.1299067083374432,0.43129830117841655,5.426045001910774
246,Seven Mile Beach,2018-06-14 11:55:00,Positive,Infragravity,1.1299067083374432,0.43129830117841655,5.426045001910774
247,Seven Mile Beach,2018-06-14 11:55:00,Positive,Infragravity,1.1299067083374432,0.43129830117841655,5.426045001910774
248,Seven Mile Beach,2018-06-14 11:55:00,Positive,Infragravity,1.1299067083374432,0.43129830117841655,5.426045001910774
249,Seven Mile Beach,2018-06-14 11:55:00,Negative,Infragravity,1.1299067083374432,0.43129830117841655,5.426045001910774
250,Seven Mile Beach,2018-06-14 12:00:00,Negative,Sea-Swell,0.9644714114760932,0.4571612053532297,5.612453443496734
251,Seven Mile Beach,2018-06-14 12:00:00,Positive,Sea-Swell,0.9644714114760932,0.4571612053532297,5.612453443496734
252,Seven Mile Beach,2018-06-14 12:00:00,Negative,Infragravity,0.9644714114760932,0.4571612053532297,5.612453443496734
253,Seven Mile Beach,2018-06-14 12:00:00,Positive,Sea-Swell,0.9644714114760932,0.4571612053532297,5.612453443496734
254,Seven Mile Beach,2018-06-14 12:00:00,Positive,Sea-Swell,0.9644714114760932,0.4571612053532297,5.612453443496734
255,Seven Mile Beach,2018-06-14 12:00:00,Positive,Sea-Swell,0.9644714114760932,0.4571612053532297,5.612453443496734
256,Seven Mile Beach,2018-06-14 12:00:00,Positive,Infragravity,0.9644714114760932,0.4571612053532297,5.612453443496734
257,Seven Mile Beach,2018-06-14 12:00:00,Positive,Sea-Swell,0.9644714114760932,0.4571612053532297,5.612453443496734
258,Seven Mile Beach,2018-06-14 12:00:00,Positive,Infragravity,0.9644714114760932,0.4571612053532297,5.612453443496734
259,Seven Mile Beach,2018-06-14 12:00:00,Negative,Infragravity,0.9644714114760932,0.4571612053532297,5.612453443496734
260,Seven Mile Beach,2018-06-14 12:00:00,Positive,Infragravity,0.9644714114760932,0.4571612053532297,5.612453443496734
261,Seven Mile Beach,2018-06-14 12:00:00,Negative,Infragravity,0.9644714114760932,0.4571612053532297,5.612453443496734
262,Seven Mile Beach,2018-06-14 12:00:00,Negative,Infragravity,0.9644714114760932,0.4571612053532297,5.612453443496734
263,Seven Mile Beach,2018-06-14 12:00:00,Negative,Infragravity,0.9644714114760932,0.4571612053532297,5.612453443496734
264,Seven Mile Beach,2018-06-14 12:05:00,Positive,Sea-Swell,0.8573871394842828,0.4375473002998363,5.1754498526783985
265,Seven Mile Beach,2018-06-14 12:05:00,Positive,Sea-Swell,0.8573871394842828,0.4375473002998363,5.1754498526783985
266,Seven Mile Beach,2018-06-14 12:05:00,Negative,Infragravity,0.8573871394842828,0.4375473002998363,5.1754498526783985
267,Seven Mile Beach,2018-06-14 12:05:00,Positive,Sea-Swell,0.8573871394842828,0.4375473002998363,5.1754498526783985
268,Seven Mile Beach,2018-06-14 12:05:00,Negative,Infragravity,0.8573871394842828,0.4375473002998363,5.1754498526783985
269,Seven Mile Beach,2018-06-14 12:05:00,Negative,Sea-Swell,0.8573871394842828,0.4375473002998363,5.1754498526783985
270,Seven Mile Beach,2018-06-14 12:05:00,Positive,Sea-Swell,0.8573871394842828,0.4375473002998363,5.1754498526783985
271,Seven Mile Beach,2018-06-14 12:05:00,Positive,Sea-Swell,0.8573871394842828,0.4375473002998363,5.1754498526783985
272,Seven Mile Beach,2018-06-14 12:05:00,Positive,Sea-Swell,0.8573871394842828,0.4375473002998363,5.1754498526783985
273,Seven Mile Beach,2018-06-14 12:05:00,Positive,Sea-Swell,0.8573871394842828,0.4375473002998363,5.1754498526783985
274,Seven Mile Beach,2018-06-14 12:10:00,Positive,Sea-Swell,1.098499144575147,0.47392069891301314,5.372813279482241
275,Seven Mile Beach,2018-06-14 12:10:00,Negative,Sea-Swell,1.098499144575147,0.47392069891301314,5.372813279482241
276,Seven Mile Beach,2018-06-14 12:10:00,Negative,Sea-Swell,1.098499144575147,0.47392069891301314,5.372813279482241
277,Seven Mile Beach,2018-06-14 12:10:00,Positive,Infragravity,1.098499144575147,0.47392069891301314,5.372813279482241
278,Seven Mile Beach,2018-06-14 12:10:00,Negative,Infragravity,1.098499144575147,0.47392069891301314,5.372813279482241
279,Seven Mile Beach,2018-06-14 12:10:00,Positive,Infragravity,1.098499144575147,0.47392069891301314,5.372813279482241
280,Seven Mile Beach,2018-06-14 12:10:00,Negative,Infragravity,1.098499144575147,0.47392069891301314,5.372813279482241
281,Seven Mile Beach,2018-06-14 12:10:00,Positive,Infragravity,1.098499144575147,0.47392069891301314,5.372813279482241
282,Seven Mile Beach,2018-06-14 12:10:00,Positive,Sea-Swell,1.098499144575147,0.47392069891301314,5.372813279482241
283,Seven Mile Beach,2018-06-14 12:10:00,Positive,Sea-Swell,1.098499144575147,0.47392069891301314,5.372813279482241
284,Seven Mile Beach,2018-06-14 12:10:00,Negative,Sea-Swell,1.098499144575147,0.47392069891301314,5.372813279482241
285,Seven Mile Beach,2018-06-14 12:10:00,Negative,Infragravity,1.098499144575147,0.47392069891301314,5.372813279482241
286,Seven Mile Beach,2018-06-14 12:10:00,Positive,Sea-Swell,1.098499144575147,0.47392069891301314,5.372813279482241
287,Seven Mile Beach,2018-06-14 12:10:00,Negative,Sea-Swell,1.098499144575147,0.47392069891301314,5.372813279482241
288,Seven Mile Beach,2018-06-14 12:10:00,Negative,Infragravity,1.098499144575147,0.47392069891301314,5.372813279482241
289,Seven Mile Beach,2018-06-14 12:10:00,Positive,Sea-Swell,1.098499144575147,0.47392069891301314,5.372813279482241
290,Seven Mile Beach,2018-06-14 12:10:00,Negative,Sea-Swell,1.098499144575147,0.47392069891301314,5.372813279482241
291,Seven Mile Beach,2018-06-14 12:10:00,Negative,Sea-Swell,1.098499144575147,0.47392069891301314,5.372813279482241
292,Seven Mile Beach,2018-06-14 12:10:00,Positive,Infragravity,1.098499144575147,0.47392069891301314,5.372813279482241
293,Seven Mile Beach,2018-06-14 12:10:00,Positive,Infragravity,1.098499144575147,0.47392069891301314,5.372813279482241
294,Seven Mile Beach,2018-06-14 12:10:00,Negative,Infragravity,1.098499144575147,0.47392069891301314,5.372813279482241
295,Seven Mile Beach,2018-06-14 12:10:00,Negative,Infragravity,1.098499144575147,0.47392069891301314,5.372813279482241
296,Seven Mile Beach,2018-06-14 12:10:00,Positive,Sea-Swell,1.098499144575147,0.47392069891301314,5.372813279482241
297,Seven Mile Beach,2018-06-14 12:10:00,Negative,Infragravity,1.098499144575147,0.47392069891301314,5.372813279482241
298,Seven Mile Beach,2018-06-14 12:10:00,Negative,Infragravity,1.098499144575147,0.47392069891301314,5.372813279482241
299,Seven Mile Beach,2018-06-14 12:15:00,Positive,Infragravity,1.6404606893615494,0.4682608819303395,5.26105178605046
300,Seven Mile Beach,2018-06-14 12:15:00,Positive,Infragravity,1.6404606893615494,0.4682608819303395,5.26105178605046
301,Seven Mile Beach,2018-06-14 12:15:00,Positive,Sea-Swell,1.6404606893615494,0.4682608819303395,5.26105178605046
302,Seven Mile Beach,2018-06-14 12:15:00,Positive,Infragravity,1.6404606893615494,0.4682608819303395,5.26105178605046
303,Seven Mile Beach,2018-06-14 12:15:00,Positive,Infragravity,1.6404606893615494,0.4682608819303395,5.26105178605046
304,Seven Mile Beach,2018-06-14 12:15:00,Positive,Infragravity,1.6404606893615494,0.4682608819303395,5.26105178605046
305,Seven Mile Beach,2018-06-14 12:15:00,Negative,Sea-Swell,1.6404606893615494,0.4682608819303395,5.26105178605046
306,Seven Mile Beach,2018-06-14 12:15:00,Negative,Sea-Swell,1.6404606893615494,0.4682608819303395,5.26105178605046
307,Seven Mile Beach,2018-06-14 12:15:00,Positive,Infragravity,1.6404606893615494,0.4682608819303395,5.26105178605046
308,Seven Mile Beach,2018-06-14 12:15:00,Positive,Infragravity,1.6404606893615494,0.4682608819303395,5.26105178605046
309,Seven Mile Beach,2018-06-14 12:15:00,Negative,Infragravity,1.6404606893615494,0.4682608819303395,5.26105178605046
310,Seven Mile Beach,2018-06-14 12:15:00,Negative,Infragravity,1.6404606893615494,0.4682608819303395,5.26105178605046
311,Seven Mile Beach,2018-06-14 12:15:00,Negative,Infragravity,1.6404606893615494,0.4682608819303395,5.26105178605046
312,Seven Mile Beach,2018-06-14 12:20:00,Negative,Infragravity,1.3817894619477396,0.43308640169181084,5.653938919560063
313,Seven Mile Beach,2018-06-14 12:20:00,Negative,Sea-Swell,1.3817894619477396,0.43308640169181084,5.653938919560063
314,Seven Mile Beach,2018-06-14 12:20:00,Positive,Infragravity,1.3817894619477396,0.43308640169181084,5.653938919560063
315,Seven Mile Beach,2018-06-14 12:20:00,Negative,Sea-Swell,1.3817894619477396,0.43308640169181084,5.653938919560063
316,Seven Mile Beach,2018-06-14 12:20:00,Negative,Infragravity,1.3817894619477396,0.43308640169181084,5.653938919560063
317,Seven Mile Beach,2018-06-14 12:20:00,Negative,Sea-Swell,1.3817894619477396,0.43308640169181084,5.653938919560063
318,Seven Mile Beach,2018-06-14 12:20:00,Negative,Sea-Swell,1.3817894619477396,0.43308640169181084,5.653938919560063
319,Seven Mile Beach,2018-06-14 12:20:00,Positive,Infragravity,1.3817894619477396,0.43308640169181084,5.653938919560063
320,Seven Mile Beach,2018-06-14 12:20:00,Negative,Infragravity,1.3817894619477396,0.43308640169181084,5.653938919560063
321,Seven Mile Beach,2018-06-14 12:20:00,Negative,Infragravity,1.3817894619477396,0.43308640169181084,5.653938919560063
322,Seven Mile Beach,2018-06-14 12:20:00,Negative,Infragravity,1.3817894619477396,0.43308640169181084,5.653938919560063
323,Seven Mile Beach,2018-06-14 12:20:00,Negative,Infragravity,1.3817894619477396,0.43308640169181084,5.653938919560063
324,Seven Mile Beach,2018-06-14 12:20:00,Negative,Infragravity,1.3817894619477396,0.43308640169181084,5.653938919560063
325,Seven Mile Beach,2018-06-14 12:20:00,Negative,Infragravity,1.3817894619477396,0.43308640169181084,5.653938919560063
326,Seven Mile Beach,2018-06-14 12:20:00,Negative,Infragravity,1.3817894619477396,0.43308640169181084,5.653938919560063
327,Seven Mile Beach,2018-06-14 12:20:00,Negative,Sea-Swell,1.3817894619477396,0.43308640169181084,5.653938919560063
328,Seven Mile Beach,2018-06-14 12:20:00,Negative,Infragravity,1.3817894619477396,0.43308640169181084,5.653938919560063
329,Seven Mile Beach,2018-06-14 12:20:00,Negative,Infragravity,1.3817894619477396,0.43308640169181084,5.653938919560063
330,Seven Mile Beach,2018-06-14 12:20:00,Negative,Infragravity,1.3817894619477396,0.43308640169181084,5.653938919560063
331,Seven Mile Beach,2018-06-14 12:20:00,Negative,Infragravity,1.3817894619477396,0.43308640169181084,5.653938919560063
332,Seven Mile Beach,2018-06-14 12:20:00,Negative,Infragravity,1.3817894619477396,0.43308640169181084,5.653938919560063
333,Seven Mile Beach,2018-06-14 12:20:00,Negative,Infragravity,1.3817894619477396,0.43308640169181084,5.653938919560063
334,Seven Mile Beach,2018-06-14 12:20:00,Negative,Sea-Swell,1.3817894619477396,0.43308640169181084,5.653938919560063
335,Seven Mile Beach,2018-06-14 12:20:00,Negative,Sea-Swell,1.3817894619477396,0.43308640169181084,5.653938919560063
336,Seven Mile Beach,2018-06-14 12:20:00,Negative,Sea-Swell,1.3817894619477396,0.43308640169181084,5.653938919560063
337,Seven Mile Beach,2018-06-14 12:20:00,Negative,Sea-Swell,1.3817894619477396,0.43308640169181084,5.653938919560063
338,Seven Mile Beach,2018-06-14 12:20:00,Negative,Sea-Swell,1.3817894619477396,0.43308640169181084,5.653938919560063
339,Seven Mile Beach,2018-06-14 12:20:00,Positive,Infragravity,1.3817894619477396,0.43308640169181084,5.653938919560063
340,One Mile Beach,2014-08-07 09:05:00,Positive,Infragravity,0.9997268388865621,0.8978469540409633,10.571004097827103
341,One Mile Beach,2014-08-07 09:05:00,Positive,Infragravity,0.9997268388865621,0.8978469540409633,10.571004097827103
342,One Mile Beach,2014-08-07 09:05:00,Positive,Sea-Swell,0.9997268388865621,0.8978469540409633,10.571004097827103
343,One Mile Beach,2014-08-07 09:05:00,Positive,Sea-Swell,0.9997268388865621,0.8978469540409633,10.571004097827103
344,One Mile Beach,2014-08-07 09:05:00,Negative,Infragravity,0.9997268388865621,0.8978469540409633,10.571004097827103
345,One Mile Beach,2014-08-07 09:05:00,Negative,Sea-Swell,0.9997268388865621,0.8978469540409633,10.571004097827103
346,One Mile Beach,2014-08-07 09:10:00,Negative,Infragravity,1.050173071179263,0.9399581854348741,10.458843198524022
347,One Mile Beach,2014-08-07 09:10:00,Positive,Infragravity,1.050173071179263,0.9399581854348741,10.458843198524022
348,One Mile Beach,2014-08-07 09:10:00,Positive,Infragravity,1.050173071179263,0.9399581854348741,10.458843198524022
349,One Mile Beach,2014-08-07 09:10:00,Positive,Sea-Swell,1.050173071179263,0.9399581854348741,10.458843198524022
350,One Mile Beach,2014-08-07 09:10:00,Positive,Sea-Swell,1.050173071179263,0.9399581854348741,10.458843198524022
351,One Mile Beach,2014-08-07 09:15:00,Positive,Infragravity,0.8557469909708306,0.8267296430083378,10.457381048205761
352,One Mile Beach,2014-08-07 09:15:00,Negative,Sea-Swell,0.8557469909708306,0.8267296430083378,10.457381048205761
353,One Mile Beach,2014-08-07 09:15:00,Negative,Sea-Swell,0.8557469909708306,0.8267296430083378,10.457381048205761
354,One Mile Beach,2014-08-07 09:15:00,Negative,Sea-Swell,0.8557469909708306,0.8267296430083378,10.457381048205761
355,One Mile Beach,2014-08-07 09:15:00,Negative,Sea-Swell,0.8557469909708306,0.8267296430083378,10.457381048205761
356,One Mile Beach,2014-08-07 09:15:00,Negative,Sea-Swell,0.8557469909708306,0.8267296430083378,10.457381048205761
357,One Mile Beach,2014-08-07 09:15:00,Negative,Sea-Swell,0.8557469909708306,0.8267296430083378,10.457381048205761
358,One Mile Beach,2014-08-07 09:15:00,Negative,Sea-Swell,0.8557469909708306,0.8267296430083378,10.457381048205761
359,One Mile Beach,2014-08-07 09:15:00,Negative,Sea-Swell,0.8557469909708306,0.8267296430083378,10.457381048205761
360,One Mile Beach,2014-08-07 09:15:00,Negative,Sea-Swell,0.8557469909708306,0.8267296430083378,10.457381048205761
361,One Mile Beach,2014-08-07 09:15:00,Negative,Sea-Swell,0.8557469909708306,0.8267296430083378,10.457381048205761
362,One Mile Beach,2014-08-07 09:15:00,Negative,Sea-Swell,0.8557469909708306,0.8267296430083378,10.457381048205761
363,One Mile Beach,2014-08-07 09:15:00,Positive,Infragravity,0.8557469909708306,0.8267296430083378,10.457381048205761
364,One Mile Beach,2014-08-07 09:15:00,Positive,Infragravity,0.8557469909708306,0.8267296430083378,10.457381048205761
365,One Mile Beach,2014-08-07 09:15:00,Negative,Sea-Swell,0.8557469909708306,0.8267296430083378,10.457381048205761
366,One Mile Beach,2014-08-07 09:20:00,Negative,Infragravity,0.48840355202317814,0.7752505760511055,11.507191742820536
367,One Mile Beach,2014-08-07 09:20:00,Negative,Infragravity,0.48840355202317814,0.7752505760511055,11.507191742820536
368,One Mile Beach,2014-08-07 09:20:00,Positive,Infragravity,0.48840355202317814,0.7752505760511055,11.507191742820536
369,One Mile Beach,2014-08-07 09:20:00,Positive,Infragravity,0.48840355202317814,0.7752505760511055,11.507191742820536
370,One Mile Beach,2014-08-07 09:20:00,Positive,Sea-Swell,0.48840355202317814,0.7752505760511055,11.507191742820536
371,One Mile Beach,2014-08-07 09:20:00,Negative,Sea-Swell,0.48840355202317814,0.7752505760511055,11.507191742820536
372,One Mile Beach,2014-08-07 09:20:00,Negative,Sea-Swell,0.48840355202317814,0.7752505760511055,11.507191742820536
373,One Mile Beach,2014-08-07 09:20:00,Negative,Infragravity,0.48840355202317814,0.7752505760511055,11.507191742820536
374,One Mile Beach,2014-08-07 09:20:00,Negative,Infragravity,0.48840355202317814,0.7752505760511055,11.507191742820536
375,One Mile Beach,2014-08-07 09:20:00,Negative,Infragravity,0.48840355202317814,0.7752505760511055,11.507191742820536
376,One Mile Beach,2014-08-07 09:20:00,Positive,Sea-Swell,0.48840355202317814,0.7752505760511055,11.507191742820536
377,One Mile Beach,2014-08-07 09:20:00,Positive,Infragravity,0.48840355202317814,0.7752505760511055,11.507191742820536
378,One Mile Beach,2014-08-07 09:20:00,Positive,Infragravity,0.48840355202317814,0.7752505760511055,11.507191742820536
379,One Mile Beach,2014-08-07 09:25:00,Positive,Infragravity,0.37571431165006614,0.9738253873034863,10.78500555982775
380,One Mile Beach,2014-08-07 09:25:00,Positive,Infragravity,0.37571431165006614,0.9738253873034863,10.78500555982775
381,One Mile Beach,2014-08-07 09:25:00,Negative,Infragravity,0.37571431165006614,0.9738253873034863,10.78500555982775
382,One Mile Beach,2014-08-07 09:25:00,Negative,Infragravity,0.37571431165006614,0.9738253873034863,10.78500555982775
383,One Mile Beach,2014-08-07 09:25:00,Negative,Sea-Swell,0.37571431165006614,0.9738253873034863,10.78500555982775
384,One Mile Beach,2014-08-07 09:25:00,Negative,Sea-Swell,0.37571431165006614,0.9738253873034863,10.78500555982775
385,One Mile Beach,2014-08-07 09:25:00,Negative,Sea-Swell,0.37571431165006614,0.9738253873034863,10.78500555982775
386,One Mile Beach,2014-08-07 09:25:00,Negative,Sea-Swell,0.37571431165006614,0.9738253873034863,10.78500555982775
387,One Mile Beach,2014-08-07 09:25:00,Positive,Sea-Swell,0.37571431165006614,0.9738253873034863,10.78500555982775
388,One Mile Beach,2014-08-07 09:25:00,Positive,Sea-Swell,0.37571431165006614,0.9738253873034863,10.78500555982775
389,One Mile Beach,2014-08-07 09:25:00,Positive,Infragravity,0.37571431165006614,0.9738253873034863,10.78500555982775
390,One Mile Beach,2014-08-07 09:30:00,Positive,Infragravity,0.37526781794856773,0.8855916618871816,10.339426164907326
391,One Mile Beach,2014-08-07 09:30:00,Positive,Sea-Swell,0.37526781794856773,0.8855916618871816,10.339426164907326
392,One Mile Beach,2014-08-07 09:30:00,Positive,Sea-Swell,0.37526781794856773,0.8855916618871816,10.339426164907326
393,One Mile Beach,2014-08-07 09:30:00,Positive,Sea-Swell,0.37526781794856773,0.8855916618871816,10.339426164907326
394,One Mile Beach,2014-08-07 09:30:00,Positive,Sea-Swell,0.37526781794856773,0.8855916618871816,10.339426164907326
395,One Mile Beach,2014-08-07 09:30:00,Positive,Sea-Swell,0.37526781794856773,0.8855916618871816,10.339426164907326
396,One Mile Beach,2014-08-07 09:30:00,Negative,Sea-Swell,0.37526781794856773,0.8855916618871816,10.339426164907326
397,One Mile Beach,2014-08-07 09:30:00,Negative,Sea-Swell,0.37526781794856773,0.8855916618871816,10.339426164907326
398,One Mile Beach,2014-08-07 09:30:00,Negative,Sea-Swell,0.37526781794856773,0.8855916618871816,10.339426164907326
399,One Mile Beach,2014-08-07 09:30:00,Negative,Sea-Swell,0.37526781794856773,0.8855916618871816,10.339426164907326
400,One Mile Beach,2014-08-07 09:35:00,Negative,Infragravity,0.5160788705362735,0.9209754366471978,10.593406481339485
401,One Mile Beach,2014-08-07 09:35:00,Negative,Sea-Swell,0.5160788705362735,0.9209754366471978,10.593406481339485
402,One Mile Beach,2014-08-07 09:35:00,Positive,Sea-Swell,0.5160788705362735,0.9209754366471978,10.593406481339485
403,One Mile Beach,2014-08-07 09:35:00,Positive,Sea-Swell,0.5160788705362735,0.9209754366471978,10.593406481339485
404,One Mile Beach,2014-08-07 09:35:00,Positive,Infragravity,0.5160788705362735,0.9209754366471978,10.593406481339485
405,One Mile Beach,2014-08-07 09:35:00,Negative,Infragravity,0.5160788705362735,0.9209754366471978,10.593406481339485
406,One Mile Beach,2014-08-07 09:35:00,Negative,Sea-Swell,0.5160788705362735,0.9209754366471978,10.593406481339485
407,One Mile Beach,2014-08-07 09:40:00,Positive,Infragravity,0.537515025600663,0.8371014222792877,10.538690049377859
408,One Mile Beach,2014-08-07 09:40:00,Positive,Infragravity,0.537515025600663,0.8371014222792877,10.538690049377859
409,One Mile Beach,2014-08-07 09:40:00,Positive,Infragravity,0.537515025600663,0.8371014222792877,10.538690049377859
410,One Mile Beach,2014-08-07 09:40:00,Positive,Infragravity,0.537515025600663,0.8371014222792877,10.538690049377859
411,One Mile Beach,2014-08-07 09:40:00,Positive,Sea-Swell,0.537515025600663,0.8371014222792877,10.538690049377859
412,One Mile Beach,2014-08-07 09:40:00,Negative,Sea-Swell,0.537515025600663,0.8371014222792877,10.538690049377859
413,One Mile Beach,2014-08-07 09:40:00,Negative,Sea-Swell,0.537515025600663,0.8371014222792877,10.538690049377859
414,One Mile Beach,2014-08-07 09:40:00,Negative,Sea-Swell,0.537515025600663,0.8371014222792877,10.538690049377859
415,One Mile Beach,2014-08-07 09:40:00,Positive,Sea-Swell,0.537515025600663,0.8371014222792877,10.538690049377859
416,One Mile Beach,2014-08-07 09:40:00,Negative,Sea-Swell,0.537515025600663,0.8371014222792877,10.538690049377859
417,One Mile Beach,2014-08-07 09:40:00,Negative,Sea-Swell,0.537515025600663,0.8371014222792877,10.538690049377859
418,One Mile Beach,2014-08-07 09:45:00,Positive,Sea-Swell,0.47361316384554775,0.8627910289842516,10.660496109493442
419,One Mile Beach,2014-08-07 09:45:00,Positive,Sea-Swell,0.47361316384554775,0.8627910289842516,10.660496109493442
420,One Mile Beach,2014-08-07 09:45:00,Negative,Sea-Swell,0.47361316384554775,0.8627910289842516,10.660496109493442
421,One Mile Beach,2014-08-07 09:45:00,Negative,Infragravity,0.47361316384554775,0.8627910289842516,10.660496109493442
422,One Mile Beach,2014-08-07 09:45:00,Negative,Sea-Swell,0.47361316384554775,0.8627910289842516,10.660496109493442
423,One Mile Beach,2014-08-07 09:45:00,Negative,Infragravity,0.47361316384554775,0.8627910289842516,10.660496109493442
424,One Mile Beach,2014-08-07 09:50:00,Negative,Sea-Swell,0.5055297064332392,0.7488531904198474,10.807445471090736
425,One Mile Beach,2014-08-07 09:50:00,Positive,Sea-Swell,0.5055297064332392,0.7488531904198474,10.807445471090736
426,One Mile Beach,2014-08-07 09:50:00,Positive,Sea-Swell,0.5055297064332392,0.7488531904198474,10.807445471090736
427,One Mile Beach,2014-08-07 09:50:00,Positive,Sea-Swell,0.5055297064332392,0.7488531904198474,10.807445471090736
428,One Mile Beach,2014-08-07 09:50:00,Negative,Sea-Swell,0.5055297064332392,0.7488531904198474,10.807445471090736
429,Werri Beach,2014-08-16 09:05:00,Negative,Sea-Swell,0.8654158563058633,0.9905364814536148,7.838859388133104
430,Werri Beach,2014-08-16 09:05:00,Positive,Infragravity,0.8654158563058633,0.9905364814536148,7.838859388133104
431,Werri Beach,2014-08-16 09:05:00,Negative,Infragravity,0.8654158563058633,0.9905364814536148,7.838859388133104
432,Werri Beach,2014-08-16 09:05:00,Positive,Sea-Swell,0.8654158563058633,0.9905364814536148,7.838859388133104
433,Werri Beach,2014-08-16 09:05:00,Positive,Sea-Swell,0.8654158563058633,0.9905364814536148,7.838859388133104
434,Werri Beach,2014-08-16 09:05:00,Positive,Infragravity,0.8654158563058633,0.9905364814536148,7.838859388133104
435,Werri Beach,2014-08-16 09:05:00,Positive,Infragravity,0.8654158563058633,0.9905364814536148,7.838859388133104
436,Werri Beach,2014-08-16 09:10:00,Negative,Infragravity,1.1153684822360885,1.048479380708367,7.62456667642663
437,Werri Beach,2014-08-16 09:10:00,Positive,Infragravity,1.1153684822360885,1.048479380708367,7.62456667642663
438,Werri Beach,2014-08-16 09:10:00,Negative,Infragravity,1.1153684822360885,1.048479380708367,7.62456667642663
439,Werri Beach,2014-08-16 09:10:00,Positive,Sea-Swell,1.1153684822360885,1.048479380708367,7.62456667642663
440,Werri Beach,2014-08-16 09:10:00,Negative,Sea-Swell,1.1153684822360885,1.048479380708367,7.62456667642663
441,Werri Beach,2014-08-16 09:15:00,Positive,Sea-Swell,0.7262648009975605,0.9813464366183613,8.10698856373705
442,Werri Beach,2014-08-16 09:15:00,Positive,Sea-Swell,0.7262648009975605,0.9813464366183613,8.10698856373705
443,Werri Beach,2014-08-16 09:15:00,Positive,Sea-Swell,0.7262648009975605,0.9813464366183613,8.10698856373705
444,Werri Beach,2014-08-16 09:15:00,Positive,Infragravity,0.7262648009975605,0.9813464366183613,8.10698856373705
445,Werri Beach,2014-08-16 09:15:00,Positive,Infragravity,0.7262648009975605,0.9813464366183613,8.10698856373705
446,Werri Beach,2014-08-16 09:15:00,Negative,Sea-Swell,0.7262648009975605,0.9813464366183613,8.10698856373705
447,Werri Beach,2014-08-16 09:15:00,Positive,Sea-Swell,0.7262648009975605,0.9813464366183613,8.10698856373705
448,Werri Beach,2014-08-16 09:15:00,Positive,Infragravity,0.7262648009975605,0.9813464366183613,8.10698856373705
449,Werri Beach,2014-08-16 09:15:00,Positive,Infragravity,0.7262648009975605,0.9813464366183613,8.10698856373705
450,Werri Beach,2014-08-16 09:20:00,Negative,Sea-Swell,0.5681879981635722,1.0446614747282883,8.788674577074314
451,Werri Beach,2014-08-16 09:20:00,Negative,Infragravity,0.5681879981635722,1.0446614747282883,8.788674577074314
452,Werri Beach,2014-08-16 09:20:00,Positive,Infragravity,0.5681879981635722,1.0446614747282883,8.788674577074314
453,Werri Beach,2014-08-16 09:20:00,Negative,Sea-Swell,0.5681879981635722,1.0446614747282883,8.788674577074314
454,Werri Beach,2014-08-16 09:20:00,Negative,Infragravity,0.5681879981635722,1.0446614747282883,8.788674577074314
455,Werri Beach,2014-08-16 09:20:00,Positive,Sea-Swell,0.5681879981635722,1.0446614747282883,8.788674577074314
456,Werri Beach,2014-08-16 09:25:00,Positive,Infragravity,0.5120211368802399,1.103571357186671,9.370498185225212
457,Werri Beach,2014-08-16 09:25:00,Negative,Infragravity,0.5120211368802399,1.103571357186671,9.370498185225212
458,Werri Beach,2014-08-16 09:25:00,Positive,Sea-Swell,0.5120211368802399,1.103571357186671,9.370498185225212
459,Werri Beach,2014-08-16 09:25:00,Negative,Sea-Swell,0.5120211368802399,1.103571357186671,9.370498185225212
460,Werri Beach,2014-08-16 09:25:00,Negative,Infragravity,0.5120211368802399,1.103571357186671,9.370498185225212
461,Werri Beach,2014-08-16 09:25:00,Negative,Infragravity,0.5120211368802399,1.103571357186671,9.370498185225212
462,Werri Beach,2014-08-16 09:25:00,Negative,Sea-Swell,0.5120211368802399,1.103571357186671,9.370498185225212
463,Werri Beach,2014-08-16 09:30:00,Positive,Infragravity,0.5072535402524735,1.0454458350844267,8.232042216912088
464,Werri Beach,2014-08-16 09:30:00,Positive,Infragravity,0.5072535402524735,1.0454458350844267,8.232042216912088
465,Werri Beach,2014-08-16 09:30:00,Positive,Infragravity,0.5072535402524735,1.0454458350844267,8.232042216912088
466,Werri Beach,2014-08-16 09:30:00,Negative,Infragravity,0.5072535402524735,1.0454458350844267,8.232042216912088
467,Werri Beach,2014-08-16 09:30:00,Negative,Sea-Swell,0.5072535402524735,1.0454458350844267,8.232042216912088
468,Werri Beach,2014-08-16 09:30:00,Negative,Sea-Swell,0.5072535402524735,1.0454458350844267,8.232042216912088
469,Werri Beach,2014-08-16 09:30:00,Negative,Sea-Swell,0.5072535402524735,1.0454458350844267,8.232042216912088
470,Werri Beach,2014-08-16 09:30:00,Negative,Sea-Swell,0.5072535402524735,1.0454458350844267,8.232042216912088
471,Werri Beach,2014-08-16 09:30:00,Positive,Sea-Swell,0.5072535402524735,1.0454458350844267,8.232042216912088
472,Werri Beach,2014-08-16 09:35:00,Positive,Sea-Swell,0.5481780276555763,1.0782059448713537,8.249769977615294
473,Werri Beach,2014-08-16 09:35:00,Positive,Sea-Swell,0.5481780276555763,1.0782059448713537,8.249769977615294
474,Werri Beach,2014-08-16 09:35:00,Negative,Infragravity,0.5481780276555763,1.0782059448713537,8.249769977615294
475,Werri Beach,2014-08-16 09:35:00,Positive,Infragravity,0.5481780276555763,1.0782059448713537,8.249769977615294
476,Werri Beach,2014-08-16 09:35:00,Positive,Sea-Swell,0.5481780276555763,1.0782059448713537,8.249769977615294
477,Werri Beach,2014-08-16 09:35:00,Positive,Sea-Swell,0.5481780276555763,1.0782059448713537,8.249769977615294
478,Werri Beach,2014-08-16 09:40:00,Positive,Sea-Swell,0.6260461922540316,0.9332744717742442,8.31614872654466
479,Werri Beach,2014-08-16 09:40:00,Positive,Sea-Swell,0.6260461922540316,0.9332744717742442,8.31614872654466
480,Werri Beach,2014-08-16 09:40:00,Negative,Sea-Swell,0.6260461922540316,0.9332744717742442,8.31614872654466
481,Werri Beach,2014-08-16 09:40:00,Negative,Sea-Swell,0.6260461922540316,0.9332744717742442,8.31614872654466
482,Werri Beach,2014-08-16 09:40:00,Positive,Sea-Swell,0.6260461922540316,0.9332744717742442,8.31614872654466
483,Werri Beach,2014-08-16 09:40:00,Positive,Sea-Swell,0.6260461922540316,0.9332744717742442,8.31614872654466
484,Werri Beach,2014-08-16 09:40:00,Positive,Sea-Swell,0.6260461922540316,0.9332744717742442,8.31614872654466
485,Werri Beach,2014-08-16 09:40:00,Positive,Sea-Swell,0.6260461922540316,0.9332744717742442,8.31614872654466
486,Werri Beach,2014-08-16 09:40:00,Positive,Sea-Swell,0.6260461922540316,0.9332744717742442,8.31614872654466
487,Werri Beach,2014-08-16 09:40:00,Negative,Sea-Swell,0.6260461922540316,0.9332744717742442,8.31614872654466
488,Werri Beach,2014-08-16 09:45:00,Negative,Sea-Swell,0.4889754772633994,0.8810422832483462,7.9113673458713745
489,Werri Beach,2014-08-16 09:45:00,Positive,Sea-Swell,0.4889754772633994,0.8810422832483462,7.9113673458713745
490,Werri Beach,2014-08-16 09:45:00,Positive,Sea-Swell,0.4889754772633994,0.8810422832483462,7.9113673458713745
491,Werri Beach,2014-08-16 09:45:00,Positive,Sea-Swell,0.4889754772633994,0.8810422832483462,7.9113673458713745
492,Werri Beach,2014-08-16 09:45:00,Positive,Sea-Swell,0.4889754772633994,0.8810422832483462,7.9113673458713745
493,Werri Beach,2014-08-16 09:45:00,Positive,Sea-Swell,0.4889754772633994,0.8810422832483462,7.9113673458713745
494,Werri Beach,2014-08-16 09:45:00,Negative,Sea-Swell,0.4889754772633994,0.8810422832483462,7.9113673458713745
495,Werri Beach,2014-08-16 09:45:00,Positive,Sea-Swell,0.4889754772633994,0.8810422832483462,7.9113673458713745
496,Werri Beach,2014-08-16 09:45:00,Positive,Sea-Swell,0.4889754772633994,0.8810422832483462,7.9113673458713745
497,Werri Beach,2014-08-16 09:45:00,Positive,Sea-Swell,0.4889754772633994,0.8810422832483462,7.9113673458713745
498,Werri Beach,2014-08-16 09:45:00,Positive,Sea-Swell,0.4889754772633994,0.8810422832483462,7.9113673458713745
499,Werri Beach,2014-08-16 09:50:00,Negative,Sea-Swell,0.5982019959492262,0.9649031257602182,8.21345612148576
500,Werri Beach,2014-08-16 09:50:00,Negative,Sea-Swell,0.5982019959492262,0.9649031257602182,8.21345612148576
501,Werri Beach,2014-08-16 09:50:00,Negative,Sea-Swell,0.5982019959492262,0.9649031257602182,8.21345612148576
502,Werri Beach,2014-08-16 09:50:00,Negative,Sea-Swell,0.5982019959492262,0.9649031257602182,8.21345612148576
503,Werri Beach,2014-08-16 09:50:00,Positive,Infragravity,0.5982019959492262,0.9649031257602182,8.21345612148576
504,Werri Beach,2014-08-16 09:50:00,Negative,Infragravity,0.5982019959492262,0.9649031257602182,8.21345612148576
505,Werri Beach,2014-08-16 09:50:00,Negative,Infragravity,0.5982019959492262,0.9649031257602182,8.21345612148576
506,Werri Beach,2014-08-16 09:50:00,Positive,Sea-Swell,0.5982019959492262,0.9649031257602182,8.21345612148576
507,Werri Beach,2014-08-16 09:50:00,Negative,Sea-Swell,0.5982019959492262,0.9649031257602182,8.21345612148576
508,Werri Beach,2014-08-16 09:50:00,Negative,Sea-Swell,0.5982019959492262,0.9649031257602182,8.21345612148576
509,Moreton Island,2016-12-20 10:05:00,Negative,Infragravity,0.7368117180236136,0.7917375486163334,7.5596502077263725
510,Moreton Island,2016-12-20 10:05:00,Negative,Infragravity,0.7368117180236136,0.7917375486163334,7.5596502077263725
511,Moreton Island,2016-12-20 10:05:00,Negative,Sea-Swell,0.7368117180236136,0.7917375486163334,7.5596502077263725
512,Moreton Island,2016-12-20 10:05:00,Negative,Sea-Swell,0.7368117180236136,0.7917375486163334,7.5596502077263725
513,Moreton Island,2016-12-20 10:05:00,Negative,Infragravity,0.7368117180236136,0.7917375486163334,7.5596502077263725
514,Moreton Island,2016-12-20 10:05:00,Positive,Sea-Swell,0.7368117180236136,0.7917375486163334,7.5596502077263725
515,Moreton Island,2016-12-20 10:05:00,Positive,Sea-Swell,0.7368117180236136,0.7917375486163334,7.5596502077263725
516,Moreton Island,2016-12-20 10:05:00,Positive,Sea-Swell,0.7368117180236136,0.7917375486163334,7.5596502077263725
517,Moreton Island,2016-12-20 10:05:00,Positive,Sea-Swell,0.7368117180236136,0.7917375486163334,7.5596502077263725
518,Moreton Island,2016-12-20 10:05:00,Positive,Sea-Swell,0.7368117180236136,0.7917375486163334,7.5596502077263725
519,Moreton Island,2016-12-20 10:05:00,Positive,Sea-Swell,0.7368117180236136,0.7917375486163334,7.5596502077263725
520,Moreton Island,2016-12-20 10:05:00,Negative,Sea-Swell,0.7368117180236136,0.7917375486163334,7.5596502077263725
521,Moreton Island,2016-12-20 10:05:00,Negative,Sea-Swell,0.7368117180236136,0.7917375486163334,7.5596502077263725
522,Moreton Island,2016-12-20 10:05:00,Positive,Infragravity,0.7368117180236136,0.7917375486163334,7.5596502077263725
523,Moreton Island,2016-12-20 10:05:00,Negative,Infragravity,0.7368117180236136,0.7917375486163334,7.5596502077263725
524,Moreton Island,2016-12-20 10:05:00,Negative,Sea-Swell,0.7368117180236136,0.7917375486163334,7.5596502077263725
525,Moreton Island,2016-12-20 10:10:00,Negative,Sea-Swell,0.8380812232437448,0.7816247349647574,8.00780786937145
526,Moreton Island,2016-12-20 10:10:00,Positive,Sea-Swell,0.8380812232437448,0.7816247349647574,8.00780786937145
527,Moreton Island,2016-12-20 10:10:00,Negative,Sea-Swell,0.8380812232437448,0.7816247349647574,8.00780786937145
528,Moreton Island,2016-12-20 10:10:00,Negative,Sea-Swell,0.8380812232437448,0.7816247349647574,8.00780786937145
529,Moreton Island,2016-12-20 10:10:00,Negative,Sea-Swell,0.8380812232437448,0.7816247349647574,8.00780786937145
530,Moreton Island,2016-12-20 10:10:00,Negative,Infragravity,0.8380812232437448,0.7816247349647574,8.00780786937145
531,Moreton Island,2016-12-20 10:10:00,Negative,Infragravity,0.8380812232437448,0.7816247349647574,8.00780786937145
532,Moreton Island,2016-12-20 10:10:00,Positive,Sea-Swell,0.8380812232437448,0.7816247349647574,8.00780786937145
533,Moreton Island,2016-12-20 10:10:00,Negative,Infragravity,0.8380812232437448,0.7816247349647574,8.00780786937145
534,Moreton Island,2016-12-20 10:10:00,Positive,Sea-Swell,0.8380812232437448,0.7816247349647574,8.00780786937145
535,Moreton Island,2016-12-20 10:10:00,Positive,Sea-Swell,0.8380812232437448,0.7816247349647574,8.00780786937145
536,Moreton Island,2016-12-20 10:10:00,Positive,Sea-Swell,0.8380812232437448,0.7816247349647574,8.00780786937145
537,Moreton Island,2016-12-20 10:10:00,Negative,Sea-Swell,0.8380812232437448,0.7816247349647574,8.00780786937145
538,Moreton Island,2016-12-20 10:10:00,Positive,Sea-Swell,0.8380812232437448,0.7816247349647574,8.00780786937145
539,Moreton Island,2016-12-20 10:10:00,Positive,Infragravity,0.8380812232437448,0.7816247349647574,8.00780786937145
540,Moreton Island,2016-12-20 10:10:00,Positive,Infragravity,0.8380812232437448,0.7816247349647574,8.00780786937145
541,Moreton Island,2016-12-20 10:10:00,Positive,Sea-Swell,0.8380812232437448,0.7816247349647574,8.00780786937145
542,Moreton Island,2016-12-20 10:10:00,Positive,Sea-Swell,0.8380812232437448,0.7816247349647574,8.00780786937145
543,Moreton Island,2016-12-20 10:15:00,Negative,Infragravity,1.1866463757321797,0.8011985645239871,8.145562176541766
544,Moreton Island,2016-12-20 10:15:00,Negative,Infragravity,1.1866463757321797,0.8011985645239871,8.145562176541766
545,Moreton Island,2016-12-20 10:15:00,Negative,Infragravity,1.1866463757321797,0.8011985645239871,8.145562176541766
546,Moreton Island,2016-12-20 10:15:00,Positive,Infragravity,1.1866463757321797,0.8011985645239871,8.145562176541766
547,Moreton Island,2016-12-20 10:15:00,Positive,Infragravity,1.1866463757321797,0.8011985645239871,8.145562176541766
548,Moreton Island,2016-12-20 10:15:00,Negative,Infragravity,1.1866463757321797,0.8011985645239871,8.145562176541766
549,Moreton Island,2016-12-20 10:15:00,Positive,Infragravity,1.1866463757321797,0.8011985645239871,8.145562176541766
550,Moreton Island,2016-12-20 10:15:00,Negative,Infragravity,1.1866463757321797,0.8011985645239871,8.145562176541766
551,Moreton Island,2016-12-20 10:15:00,Positive,Sea-Swell,1.1866463757321797,0.8011985645239871,8.145562176541766
552,Moreton Island,2016-12-20 10:15:00,Positive,Sea-Swell,1.1866463757321797,0.8011985645239871,8.145562176541766
553,Moreton Island,2016-12-20 10:15:00,Negative,Sea-Swell,1.1866463757321797,0.8011985645239871,8.145562176541766
554,Moreton Island,2016-12-20 10:15:00,Negative,Sea-Swell,1.1866463757321797,0.8011985645239871,8.145562176541766
555,Moreton Island,2016-12-20 10:15:00,Positive,Infragravity,1.1866463757321797,0.8011985645239871,8.145562176541766
556,Moreton Island,2016-12-20 10:15:00,Positive,Infragravity,1.1866463757321797,0.8011985645239871,8.145562176541766
557,Moreton Island,2016-12-20 10:15:00,Positive,Infragravity,1.1866463757321797,0.8011985645239871,8.145562176541766
558,Moreton Island,2016-12-20 10:15:00,Negative,Sea-Swell,1.1866463757321797,0.8011985645239871,8.145562176541766
559,Moreton Island,2016-12-20 10:20:00,Negative,Infragravity,1.10566026523626,0.7917351659755497,7.994098127465666
560,Moreton Island,2016-12-20 10:20:00,Negative,Sea-Swell,1.10566026523626,0.7917351659755497,7.994098127465666
561,Moreton Island,2016-12-20 10:20:00,Negative,Sea-Swell,1.10566026523626,0.7917351659755497,7.994098127465666
562,Moreton Island,2016-12-20 10:20:00,Negative,Infragravity,1.10566026523626,0.7917351659755497,7.994098127465666
563,Moreton Island,2016-12-20 10:20:00,Negative,Sea-Swell,1.10566026523626,0.7917351659755497,7.994098127465666
564,Moreton Island,2016-12-20 10:20:00,Negative,Sea-Swell,1.10566026523626,0.7917351659755497,7.994098127465666
565,Moreton Island,2016-12-20 10:20:00,Negative,Infragravity,1.10566026523626,0.7917351659755497,7.994098127465666
566,Moreton Island,2016-12-20 10:20:00,Negative,Sea-Swell,1.10566026523626,0.7917351659755497,7.994098127465666
567,Moreton Island,2016-12-20 10:20:00,Negative,Sea-Swell,1.10566026523626,0.7917351659755497,7.994098127465666
568,Moreton Island,2016-12-20 10:20:00,Negative,Sea-Swell,1.10566026523626,0.7917351659755497,7.994098127465666
569,Moreton Island,2016-12-20 10:20:00,Negative,Sea-Swell,1.10566026523626,0.7917351659755497,7.994098127465666
570,Moreton Island,2016-12-20 10:20:00,Negative,Sea-Swell,1.10566026523626,0.7917351659755497,7.994098127465666
571,Moreton Island,2016-12-20 10:20:00,Positive,Sea-Swell,1.10566026523626,0.7917351659755497,7.994098127465666
572,Moreton Island,2016-12-20 10:20:00,Positive,Infragravity,1.10566026523626,0.7917351659755497,7.994098127465666
573,Moreton Island,2016-12-20 10:20:00,Positive,Infragravity,1.10566026523626,0.7917351659755497,7.994098127465666
574,Moreton Island,2016-12-20 10:20:00,Negative,Infragravity,1.10566026523626,0.7917351659755497,7.994098127465666
575,Moreton Island,2016-12-20 10:20:00,Negative,Infragravity,1.10566026523626,0.7917351659755497,7.994098127465666
576,Moreton Island,2016-12-20 10:20:00,Negative,Infragravity,1.10566026523626,0.7917351659755497,7.994098127465666
577,Moreton Island,2016-12-20 10:20:00,Negative,Sea-Swell,1.10566026523626,0.7917351659755497,7.994098127465666
578,Moreton Island,2016-12-20 10:25:00,Positive,Sea-Swell,0.7176940508438726,0.7661728359362792,7.029709266557791
579,Moreton Island,2016-12-20 10:25:00,Positive,Infragravity,0.7176940508438726,0.7661728359362792,7.029709266557791
580,Moreton Island,2016-12-20 10:25:00,Positive,Sea-Swell,0.7176940508438726,0.7661728359362792,7.029709266557791
581,Moreton Island,2016-12-20 10:25:00,Positive,Sea-Swell,0.7176940508438726,0.7661728359362792,7.029709266557791
582,Moreton Island,2016-12-20 10:25:00,Positive,Sea-Swell,0.7176940508438726,0.7661728359362792,7.029709266557791
583,Moreton Island,2016-12-20 10:25:00,Negative,Sea-Swell,0.7176940508438726,0.7661728359362792,7.029709266557791
584,Moreton Island,2016-12-20 10:25:00,Negative,Sea-Swell,0.7176940508438726,0.7661728359362792,7.029709266557791
585,Moreton Island,2016-12-20 10:25:00,Positive,Infragravity,0.7176940508438726,0.7661728359362792,7.029709266557791
586,Moreton Island,2016-12-20 10:25:00,Positive,Infragravity,0.7176940508438726,0.7661728359362792,7.029709266557791
587,Moreton Island,2016-12-20 10:25:00,Negative,Infragravity,0.7176940508438726,0.7661728359362792,7.029709266557791
588,Moreton Island,2016-12-20 10:25:00,Negative,Infragravity,0.7176940508438726,0.7661728359362792,7.029709266557791
589,Moreton Island,2016-12-20 10:25:00,Positive,Sea-Swell,0.7176940508438726,0.7661728359362792,7.029709266557791
590,Moreton Island,2016-12-20 10:30:00,Negative,Sea-Swell,0.7908614943116281,0.8547389764672807,7.79135333756822
591,Moreton Island,2016-12-20 10:30:00,Negative,Sea-Swell,0.7908614943116281,0.8547389764672807,7.79135333756822
592,Moreton Island,2016-12-20 10:30:00,Negative,Sea-Swell,0.7908614943116281,0.8547389764672807,7.79135333756822
593,Moreton Island,2016-12-20 10:30:00,Negative,Sea-Swell,0.7908614943116281,0.8547389764672807,7.79135333756822
594,Moreton Island,2016-12-20 10:30:00,Negative,Infragravity,0.7908614943116281,0.8547389764672807,7.79135333756822
595,Moreton Island,2016-12-20 10:30:00,Negative,Sea-Swell,0.7908614943116281,0.8547389764672807,7.79135333756822
596,Moreton Island,2016-12-20 10:30:00,Negative,Infragravity,0.7908614943116281,0.8547389764672807,7.79135333756822
597,Moreton Island,2016-12-20 10:30:00,Positive,Sea-Swell,0.7908614943116281,0.8547389764672807,7.79135333756822
598,Moreton Island,2016-12-20 10:30:00,Positive,Sea-Swell,0.7908614943116281,0.8547389764672807,7.79135333756822
599,Moreton Island,2016-12-20 10:30:00,Negative,Sea-Swell,0.7908614943116281,0.8547389764672807,7.79135333756822
600,Moreton Island,2016-12-20 10:30:00,Negative,Sea-Swell,0.7908614943116281,0.8547389764672807,7.79135333756822
601,Moreton Island,2016-12-20 10:30:00,Positive,Sea-Swell,0.7908614943116281,0.8547389764672807,7.79135333756822
602,Moreton Island,2016-12-20 10:30:00,Positive,Sea-Swell,0.7908614943116281,0.8547389764672807,7.79135333756822
603,Moreton Island,2016-12-20 10:35:00,Negative,Infragravity,1.0026565205230666,0.8095764855211042,7.4309752151798705
604,Moreton Island,2016-12-20 10:35:00,Negative,Infragravity,1.0026565205230666,0.8095764855211042,7.4309752151798705
605,Moreton Island,2016-12-20 10:35:00,Negative,Sea-Swell,1.0026565205230666,0.8095764855211042,7.4309752151798705
606,Moreton Island,2016-12-20 10:35:00,Positive,Sea-Swell,1.0026565205230666,0.8095764855211042,7.4309752151798705
607,Moreton Island,2016-12-20 10:35:00,Positive,Sea-Swell,1.0026565205230666,0.8095764855211042,7.4309752151798705
608,Moreton Island,2016-12-20 10:35:00,Positive,Sea-Swell,1.0026565205230666,0.8095764855211042,7.4309752151798705
609,Moreton Island,2016-12-20 10:35:00,Negative,Infragravity,1.0026565205230666,0.8095764855211042,7.4309752151798705
610,Moreton Island,2016-12-20 10:35:00,Negative,Infragravity,1.0026565205230666,0.8095764855211042,7.4309752151798705
611,Moreton Island,2016-12-20 10:35:00,Positive,Infragravity,1.0026565205230666,0.8095764855211042,7.4309752151798705
612,Moreton Island,2016-12-20 10:35:00,Negative,Infragravity,1.0026565205230666,0.8095764855211042,7.4309752151798705
613,Moreton Island,2016-12-20 10:35:00,Negative,Sea-Swell,1.0026565205230666,0.8095764855211042,7.4309752151798705
614,Moreton Island,2016-12-20 10:35:00,Negative,Sea-Swell,1.0026565205230666,0.8095764855211042,7.4309752151798705
615,Moreton Island,2016-12-20 10:35:00,Positive,Sea-Swell,1.0026565205230666,0.8095764855211042,7.4309752151798705
616,Moreton Island,2016-12-20 10:35:00,Positive,Sea-Swell,1.0026565205230666,0.8095764855211042,7.4309752151798705
617,Moreton Island,2016-12-20 10:35:00,Negative,Infragravity,1.0026565205230666,0.8095764855211042,7.4309752151798705
618,Moreton Island,2016-12-20 10:35:00,Negative,Infragravity,1.0026565205230666,0.8095764855211042,7.4309752151798705
619,Moreton Island,2016-12-20 10:40:00,Negative,Sea-Swell,1.1340767166698236,0.8220794628689674,7.177525932712645
620,Moreton Island,2016-12-20 10:40:00,Positive,Sea-Swell,1.1340767166698236,0.8220794628689674,7.177525932712645
621,Moreton Island,2016-12-20 10:40:00,Positive,Sea-Swell,1.1340767166698236,0.8220794628689674,7.177525932712645
622,Moreton Island,2016-12-20 10:40:00,Positive,Sea-Swell,1.1340767166698236,0.8220794628689674,7.177525932712645
623,Moreton Island,2016-12-20 10:40:00,Negative,Infragravity,1.1340767166698236,0.8220794628689674,7.177525932712645
624,Moreton Island,2016-12-20 10:40:00,Positive,Infragravity,1.1340767166698236,0.8220794628689674,7.177525932712645
625,Moreton Island,2016-12-20 10:40:00,Positive,Infragravity,1.1340767166698236,0.8220794628689674,7.177525932712645
626,Moreton Island,2016-12-20 10:40:00,Positive,Sea-Swell,1.1340767166698236,0.8220794628689674,7.177525932712645
627,Moreton Island,2016-12-20 10:40:00,Positive,Infragravity,1.1340767166698236,0.8220794628689674,7.177525932712645
628,Moreton Island,2016-12-20 10:40:00,Positive,Infragravity,1.1340767166698236,0.8220794628689674,7.177525932712645
629,Moreton Island,2016-12-20 10:40:00,Negative,Infragravity,1.1340767166698236,0.8220794628689674,7.177525932712645
630,Moreton Island,2016-12-20 10:45:00,Negative,Infragravity,1.1519442899037593,0.8074031241174061,7.412307260388433
631,Moreton Island,2016-12-20 10:45:00,Positive,Sea-Swell,1.1519442899037593,0.8074031241174061,7.412307260388433
632,Moreton Island,2016-12-20 10:45:00,Positive,Sea-Swell,1.1519442899037593,0.8074031241174061,7.412307260388433
633,Moreton Island,2016-12-20 10:45:00,Negative,Sea-Swell,1.1519442899037593,0.8074031241174061,7.412307260388433
634,Moreton Island,2016-12-20 10:45:00,Positive,Sea-Swell,1.1519442899037593,0.8074031241174061,7.412307260388433
635,Moreton Island,2016-12-20 10:45:00,Positive,Sea-Swell,1.1519442899037593,0.8074031241174061,7.412307260388433
636,Moreton Island,2016-12-20 10:45:00,Negative,Infragravity,1.1519442899037593,0.8074031241174061,7.412307260388433
637,Moreton Island,2016-12-20 10:45:00,Positive,Infragravity,1.1519442899037593,0.8074031241174061,7.412307260388433
638,Moreton Island,2016-12-20 10:45:00,Negative,Infragravity,1.1519442899037593,0.8074031241174061,7.412307260388433
639,Moreton Island,2016-12-20 10:45:00,Negative,Infragravity,1.1519442899037593,0.8074031241174061,7.412307260388433
640,Moreton Island,2016-12-20 10:50:00,Negative,Infragravity,1.0684535138231688,0.8674963631156346,7.436663335711198
641,Moreton Island,2016-12-20 10:50:00,Negative,Infragravity,1.0684535138231688,0.8674963631156346,7.436663335711198
642,Moreton Island,2016-12-20 10:50:00,Negative,Infragravity,1.0684535138231688,0.8674963631156346,7.436663335711198
643,Moreton Island,2016-12-20 10:50:00,Negative,Infragravity,1.0684535138231688,0.8674963631156346,7.436663335711198
644,Moreton Island,2016-12-20 10:50:00,Positive,Sea-Swell,1.0684535138231688,0.8674963631156346,7.436663335711198
645,Moreton Island,2016-12-20 10:50:00,Positive,Infragravity,1.0684535138231688,0.8674963631156346,7.436663335711198
646,Moreton Island,2016-12-20 10:50:00,Positive,Infragravity,1.0684535138231688,0.8674963631156346,7.436663335711198
647,Moreton Island,2016-12-20 10:50:00,Positive,Infragravity,1.0684535138231688,0.8674963631156346,7.436663335711198
648,Moreton Island,2016-12-20 10:50:00,Positive,Infragravity,1.0684535138231688,0.8674963631156346,7.436663335711198
649,Moreton Island,2016-12-20 10:50:00,Positive,Infragravity,1.0684535138231688,0.8674963631156346,7.436663335711198
650,Moreton Island,2016-12-20 10:50:00,Positive,Infragravity,1.0684535138231688,0.8674963631156346,7.436663335711198
651,Moreton Island,2016-12-20 10:50:00,Positive,Infragravity,1.0684535138231688,0.8674963631156346,7.436663335711198
652,Moreton Island,2016-12-20 10:50:00,Positive,Infragravity,1.0684535138231688,0.8674963631156346,7.436663335711198
653,Moreton Island,2016-12-20 10:50:00,Positive,Sea-Swell,1.0684535138231688,0.8674963631156346,7.436663335711198
654,Moreton Island,2016-12-20 10:50:00,Positive,Sea-Swell,1.0684535138231688,0.8674963631156346,7.436663335711198
