point,x,y,z
origin,500,500,0
profile1 0000,499.073,528.206,1.381
profile1 0001,498.99,528.037,1.369
profile1 0002,498.992,527.865,1.339
profile1 0003,498.893,527.722,1.319
profile1 0004,498.742,527.556,1.319
profile1 0005,498.733,527.345,1.318
profile1 0006,498.696,527.181,1.298
profile1 0007,498.541,526.928,1.288
profile1 0008,498.471,526.757,1.286
profile1 0009,498.492,526.602,1.293
profile1 0010,498.41,526.384,1.275
profile1 0011,498.316,526.102,1.265
profile1 0012,498.261,525.843,1.249
profile1 0013,498.172,525.617,1.228
profile1 0014,498.09,525.377,1.207
profile1 0015,498.051,525.129,1.18
profile1 0016,497.985,524.85,1.158
profile1 0017,497.891,524.572,1.117
profile1 0018,497.871,524.307,1.089
profile1 0019,497.858,524.022,1.049
profile1 0020,497.777,523.766,1.025
profile1 0021,497.744,523.531,1.004
profile1 0022,497.726,523.239,0.995
profile1 0023,497.676,522.969,0.961
profile1 0024,497.584,522.695,0.933
profile1 0025,497.524,522.392,0.894
profile1 0026,497.441,522.082,0.863
profile1 0027,497.344,521.816,0.856
profile1 0028,497.35,521.528,0.832
profile1 0029,497.351,521.195,0.804
profile1 0030,497.372,520.883,0.788
profile1 0031,497.364,520.626,0.775
profile1 0032,497.282,520.364,0.755
profile1 0033,497.266,520.045,0.738
profile1 0034,497.264,519.748,0.723
profile1 0035,497.226,519.444,0.704
profile1 0036,497.223,519.124,0.685
profile1 0037,497.224,518.832,0.668
profile1 0038,497.188,518.56,0.669
profile1 0039,497.203,518.281,0.668
profile1 0040,497.199,517.973,0.675
profile1 0041,497.131,517.722,0.668
profile1 0042,497.082,517.464,0.638
profile1 0043,497.052,517.193,0.622
profile1 0044,497.013,516.953,0.6
profile1 0045,497.016,516.732,0.594
profile1 0046,497.031,516.466,0.579
profile1 0047,496.994,516.162,0.559
profile1 0048,496.952,515.843,0.556
profile1 0049,496.991,515.644,0.56
profile1 0050,497.011,515.432,0.546
profile1 0051,496.972,515.161,0.534
profile1 0052,496.962,514.884,0.52
profile1 0053,496.941,514.643,0.514
profile1 0054,496.91,514.38,0.507
profile1 0055,496.924,514.085,0.489
profile1 0056,496.861,513.828,0.48
profile1 0057,496.739,513.589,0.473
profile1 0058,496.685,513.318,0.45
profile1 0059,496.634,513.044,0.443
profile1 0060,496.559,512.764,0.432
profile1 0061,496.522,512.483,0.42
profile1 0062,496.489,512.212,0.411
profile1 0063,496.407,511.937,0.393
profile1 0064,496.344,511.646,0.385
profile1 0065,496.286,511.356,0.37
profile1 0066,496.203,511.057,0.353
profile1 0067,496.174,510.746,0.34
profile1 0068,496.186,510.442,0.329
profile1 0069,496.152,510.121,0.313
profile1 0070,496.12,509.801,0.296
profile1 0071,496.115,509.462,0.304
profile1 0072,496.074,509.214,0.301
profile1 0073,496.048,508.935,0.273
profile1 0074,496.03,508.683,0.259
profile1 0075,496.009,508.42,0.232
profile1 0076,496.04,508.176,0.215
profile1 0077,496.085,507.934,0.198
profile1 0078,496.029,507.624,0.183
profile1 0079,495.963,507.324,0.174
profile1 0080,495.97,507.065,0.161
profile1 0081,495.959,506.751,0.143
profile1 0082,495.973,506.428,0.133
profile1 0083,495.958,506.151,0.131
profile1 0084,495.89,505.863,0.115
profile1 0085,495.881,505.548,0.089
profile1 0086,495.875,505.233,0.076
profile1 0087,495.815,504.897,0.076
profile1 0088,495.805,504.628,0.075
profile1 0089,495.8,504.361,0.074
profile1 0090,495.737,504.077,0.06
profile1 0091,495.715,503.811,0.045
profile1 0092,495.699,503.541,0.037
profile1 0093,495.643,503.271,0.03
profile1 0094,495.601,502.969,0.021
profile1 0095,495.547,502.681,0.014
profile1 0096,495.482,502.389,0.006
profile1 0097,495.461,502.08,-0.008
profile1 0098,495.442,501.779,-0.016
profile1 0099,495.398,501.455,-0.018
profile1 0100,495.376,501.13,-0.037
profile1 0101,495.342,500.83,-0.04
profile1 0102,495.287,500.54,-0.051
profile1 0103,495.267,500.223,-0.069
profile1 0104,495.245,499.911,-0.081
profile1 0105,495.181,499.605,-0.093
profile1 0106,495.135,499.31,-0.101
profile1 0107,495.089,499.011,-0.109
profile1 0108,495.015,498.707,-0.11
profile1 0109,494.971,498.402,-0.128
profile1 0110,494.928,498.1,-0.144
profile1 0111,494.852,497.788,-0.165
profile1 0112,494.809,497.477,-0.175
profile1 0113,494.75,497.187,-0.189
profile1 0114,494.666,496.894,-0.201
profile1 0115,494.619,496.581,-0.224
profile1 0116,494.546,496.256,-0.252
profile1 0117,494.477,495.956,-0.259
profile1 0118,494.456,495.668,-0.285
profile1 0119,494.413,495.343,-0.315
profile1 0120,494.396,495.02,-0.33
profile1 0121,494.398,494.713,-0.353
profile1 0122,494.357,494.397,-0.383
profile1 0123,494.332,494.078,-0.396
profile1 0124,494.284,493.778,-0.412
profile1 0125,494.228,493.497,-0.429
profile1 0126,494.197,493.21,-0.452
profile1 0127,494.142,492.932,-0.471
profile1 0128,494.074,492.631,-0.49
profile1 0129,494.04,492.294,-0.515
profile1 0130,493.962,491.956,-0.527
profile1 0131,493.883,491.641,-0.533
profile1 0132,493.838,491.305,-0.562
profile1 0133,493.774,490.971,-0.584
profile1 0134,493.741,490.653,-0.599
profile1 0135,493.703,490.342,-0.619
profile1 0136,493.64,490.016,-0.633
profile1 0137,493.623,489.643,-0.651
profile1 0138,493.582,489.314,-0.669
profile1 0139,493.548,489.05,-0.673
profile1 0140,493.536,488.743,-0.69
profile1 0141,493.463,488.449,-0.709
profile1 0142,493.396,488.147,-0.725
profile1 0143,493.356,487.812,-0.739
profile1 0144,493.314,487.506,-0.751
profile1 0145,493.318,487.195,-0.757
profile1 0146,493.303,486.852,-0.77
profile1 0147,493.245,486.534,-0.775
profile1 0148,493.215,486.182,-0.791
profile1 0149,493.154,485.844,-0.804
profile1 0150,493.086,485.532,-0.805
profile1 0151,493.056,485.185,-0.813
profile1 0152,492.991,484.837,-0.826
profile1 0153,492.948,484.511,-0.829
profile1 0154,492.922,484.16,-0.832
profile1 0155,492.877,483.776,-0.846
profile1 0156,492.829,483.415,-0.857
profile1 0157,492.723,483.085,-0.865
profile1 0158,492.61,482.766,-0.868
profile1 0159,492.53,482.39,-0.888
profile1 0160,492.436,481.996,-0.9
profile1 0161,492.442,481.662,-0.884
profile1 0162,492.412,481.4,-0.89
profile1 0163,492.31,481.125,-0.897
profile1 0164,492.228,480.805,-0.917
profile1 0165,492.149,480.456,-0.93
profile1 0166,492.089,480.095,-0.936
profile1 0167,492.06,479.756,-0.948
profile1 0168,491.98,479.431,-0.973
profile1 0169,491.921,479.083,-0.984
profile1 0170,491.885,478.72,-0.999
profile1 0171,491.809,478.384,-1.018
profile1 0172,491.732,478.029,-1.036
profile1 0173,491.659,477.659,-1.054
profile1 0174,491.597,477.242,-1.065
profile1 0175,491.574,476.874,-1.079
profile1 0176,491.516,476.529,-1.097
profile1 0177,491.467,476.157,-1.108
profile1 0178,491.42,475.817,-1.113
profile1 0179,491.347,475.522,-1.12
profile1 0180,491.323,475.171,-1.139
profile1 0181,491.264,474.809,-1.163
profile1 0182,491.203,474.473,-1.164
profile1 0183,491.183,474.127,-1.172
profile1 0184,491.108,473.765,-1.193
profile1 0185,491.066,473.415,-1.198
profile1 0186,491.028,473.084,-1.205
profile1 0187,490.957,472.755,-1.207
profile1 0188,490.925,472.406,-1.226
profile1 0189,490.849,472.046,-1.238
profile1 0190,490.776,471.699,-1.248
profile1 0191,490.719,471.342,-1.256
profile1 0192,490.644,471.012,-1.261
profile1 0193,490.631,470.691,-1.286
profile1 0194,490.604,470.404,-1.296
profile1 0195,490.544,470.117,-1.295
profile1 0196,490.512,469.784,-1.306
profile1 0197,490.443,469.439,-1.318
profile1 0198,490.375,469.114,-1.32
profile1 0199,490.343,468.802,-1.33
profile1 0200,490.264,468.495,-1.338
profile1 0201,490.207,468.163,-1.347
profile1 0202,490.173,467.806,-1.354
profile1 0203,490.115,467.443,-1.365
profile1 0204,490.072,467.104,-1.375
profile1 0205,490.018,466.773,-1.384
profile1 0206,489.965,466.42,-1.391
profile1 0207,489.937,466.06,-1.405
profile1 0208,489.879,465.689,-1.416
profile1 0209,489.818,465.325,-1.399
profile1 0210,489.756,465.035,-1.398
profile1 0211,489.692,464.721,-1.407
profile1 0212,489.682,464.398,-1.417
profile1 0213,489.664,464.088,-1.429
profile1 0214,489.636,463.772,-1.438
profile1 0215,489.632,463.438,-1.445
profile1 0216,489.582,463.103,-1.458
profile1 0217,489.554,462.788,-1.462
profile1 0218,489.556,462.482,-1.469
profile1 0219,489.544,462.184,-1.482
profile1 0220,489.562,461.913,-1.488
profile1 0221,489.571,461.648,-1.493
profile1 0222,489.543,461.377,-1.501
profile1 0223,489.557,461.094,-1.511
profile1 0224,489.58,460.819,-1.516
profile1 0225,489.576,460.564,-1.521
profile1 0226,489.611,460.296,-1.53
profile1 0227,489.642,460.028,-1.533
profile1 0228,489.633,459.783,-1.542
profile1 0229,489.645,459.541,-1.547
profile1 0230,489.682,459.318,-1.546
profile1 0231,489.684,459.103,-1.553
profile1 0232,489.681,458.86,-1.553
profile1 0233,489.716,458.571,-1.57
profile1 0234,489.72,458.274,-1.576
profile1 0235,489.712,457.958,-1.578
profile1 0236,489.732,457.646,-1.594
profile1 0237,489.714,457.33,-1.598
profile1 0238,489.684,457.03,-1.593
profile1 0239,489.67,456.742,-1.601
profile1 0240,489.621,456.434,-1.615
profile1 0241,489.572,456.118,-1.617
profile1 0242,489.573,455.763,-1.633
profile1 0243,489.531,455.401,-1.646
profile1 0244,489.506,455.059,-1.65
profile1 0245,489.506,454.706,-1.659
profile1 0246,489.49,454.358,-1.66
profile1 0247,489.508,453.988,-1.671
profile1 0248,489.498,453.632,-1.691
profile1 0249,489.469,453.282,-1.698
profile1 0250,489.44,452.913,-1.708
profile1 0251,489.378,452.554,-1.722
profile1 0252,489.353,452.203,-1.728
profile1 0253,489.313,451.855,-1.742
profile1 0254,489.269,451.465,-1.75
profile1 0255,489.223,451.072,-1.762
profile1 0256,489.15,450.686,-1.765
profile1 0257,489.134,450.296,-1.78
profile1 0258,489.106,449.911,-1.796
profile1 0259,489.088,449.545,-1.803
profile1 0260,489.082,449.192,-1.808
profile1 0261,489.05,448.856,-1.81
profile1 0262,489.081,448.551,-1.819
profile1 0263,489.082,448.204,-1.836
profile1 0264,489.024,447.862,-1.842
profile1 0265,489.011,447.541,-1.86
profile1 0266,488.991,447.184,-1.878
profile1 0267,488.991,446.84,-1.876
profile1 0268,489.054,446.541,-1.901
profile1 0269,489.076,446.206,-1.937
profile1 0270,489.062,445.864,-1.947
profile1 0271,489.05,445.552,-1.958
profile1 0272,488.988,445.228,-1.989
profile1 0273,488.97,444.904,-1.995
profile1 0274,489.008,444.609,-2.004
profile1 0275,488.99,444.297,-2.026
profile1 0276,488.982,443.969,-2.039
profile1 0277,488.999,443.651,-2.046
profile1 0278,488.954,443.278,-2.054
profile1 0279,488.973,443.057,-2.078
profile1 0280,489.016,442.782,-2.07
profile1 0281,488.996,442.505,-2.099
profile1 0282,488.989,442.202,-2.114
profile1 0283,489.024,441.925,-2.115
profile1 0284,489.013,441.61,-2.132
profile1 0285,489.013,441.295,-2.109
profile1 0286,489.059,441.083,-2.109
profile1 0287,489.082,440.836,-2.124
profile1 0288,489.113,440.583,-2.132
profile1 0289,489.153,440.353,-2.135
profile1 0290,489.129,440.106,-2.147
profile1 0291,489.081,439.787,-2.143
profile1 0292,489.073,439.447,-2.14
profile1 0293,489.067,439.193,-2.129
profile1 0294,489.034,439.008,-2.113
profile1 0295,489.058,438.751,-2.132
profile1 0296,489.101,438.445,-2.112
profile1 0297,489.117,438.249,-2.106
profile1 0298,489.112,438.048,-2.112
profile1 0299,489.112,437.855,-2.111
profile1 0300,489.077,437.633,-2.119
profile1 0301,489.037,437.375,-2.112
profile1 0302,489.036,437.132,-2.119
profile1 0303,489.007,436.882,-2.112
profile1 0304,488.936,436.634,-2.123
profile1 0305,488.907,436.366,-2.125
profile1 0306,488.92,436.079,-2.117
profile1 0307,488.873,435.828,-2.12
profile1 0308,488.874,435.615,-2.126
profile1 0309,488.918,435.399,-2.116
profile1 0310,488.888,435.176,-2.123
profile1 0311,488.85,434.941,-2.114
profile1 0312,488.87,434.708,-2.121
profile1 0313,488.882,434.503,-2.11
profile1 0314,488.824,434.267,-2.118
profile1 0315,488.817,434.045,-2.107
profile1 0316,488.844,433.76,-2.111
profile1 0317,488.841,433.474,-2.112
profile1 0318,488.773,433.177,-2.107
profile1 0319,488.781,432.877,-2.115
profile1 0320,488.75,432.628,-2.11
profile1 0321,488.646,432.372,-2.116
profile1 0322,488.607,432.164,-2.125
profile1 0323,488.621,431.951,-2.126
profile1 0324,488.567,431.673,-2.122
profile1 0325,488.47,431.361,-2.105
profile1 0326,488.477,431.192,-2.104
profile1 0327,488.506,430.962,-2.09
profile1 0328,488.432,430.7,-2.104
profile1 0329,488.367,430.435,-2.102
profile1 0330,488.384,430.117,-2.102
profile1 0331,488.366,429.887,-2.085
profile1 0332,488.31,429.608,-2.087
profile1 0333,488.334,429.367,-2.101
profile1 0334,488.391,429.105,-2.09
profile1 0335,488.365,428.868,-2.1
profile1 0336,488.341,428.597,-2.095
profile1 0337,488.351,428.331,-2.09
profile1 0338,488.295,428.002,-2.095
profile1 0339,488.233,427.69,-2.086
profile1 0340,488.27,427.463,-2.056
profile1 0341,488.289,427.332,-2.042
profile1 0342,488.189,427.124,-2.045
profile1 0343,488.135,426.906,-2.051
profile1 0344,488.19,426.655,-2.04
profile1 0345,488.205,426.411,-2.051
profile1 0346,488.186,426.149,-2.028
profile1 0347,488.238,425.853,-2.032
profile1 0348,488.286,425.648,-2.033
profile1 0349,488.263,425.412,-2.043
profile1 0350,488.258,425.187,-2.044
profile1 0351,488.284,424.945,-2.046
profile1 0352,488.249,424.663,-2.063
profile1 0353,488.23,424.366,-2.066
profile1 0354,488.271,424.076,-2.075
profile1 0355,488.293,423.799,-2.069
profile1 0356,488.27,423.524,-2.067
profile1 0357,488.317,423.338,-2.083
profile1 0358,488.384,423.119,-2.077
profile1 0359,488.396,422.823,-2.088
profile1 0360,488.403,422.556,-2.088
profile1 0361,488.425,422.282,-2.097
profile1 0362,488.439,422.032,-2.091
profile1 0363,488.43,421.782,-2.104
profile1 0364,488.459,421.579,-2.127
profile1 0365,488.483,421.308,-2.119
profile1 0366,488.425,421.028,-2.108
profile1 0367,488.42,420.858,-2.116
profile1 0368,488.493,420.648,-2.132
profile1 0369,488.508,420.428,-2.145
profile1 0370,488.452,420.16,-2.138
profile1 0371,488.483,419.883,-2.14
profile1 0372,488.531,419.623,-2.139
profile1 0373,488.489,419.361,-2.143
profile1 0374,488.452,419.129,-2.15
profile1 0375,488.484,418.865,-2.154
profile1 0376,488.476,418.613,-2.169
profile1 0377,488.473,418.381,-2.151
profile1 0378,488.531,418.194,-2.145
profile1 0379,488.508,417.89,-2.14
profile1 0380,488.414,417.652,-2.141
profile1 0381,488.414,417.5,-2.145
profile1 0382,488.469,417.303,-2.148
profile1 0383,488.367,416.998,-2.15
profile1 0384,488.331,416.83,-2.14
profile1 0385,488.395,416.685,-2.155
profile1 0386,488.462,416.505,-2.157
profile1 0387,488.356,416.224,-2.162
profile1 0388,488.256,415.947,-2.153
profile1 0389,488.301,415.726,-2.174
profile1 0390,488.273,415.491,-2.177
profile1 0391,488.215,415.213,-2.178
profile1 0392,488.249,414.959,-2.186
profile1 0393,488.274,414.695,-2.196
profile1 0394,488.21,414.408,-2.212
profile1 0395,488.164,414.109,-2.211
profile1 0396,488.112,413.762,-2.202
profile1 0397,488.034,413.635,-2.179
profile1 0398,488.03,413.368,-2.202
profile1 0399,488.041,413.179,-2.209
profile1 0400,487.882,412.794,-2.191
profile1 0401,487.86,412.674,-2.205
profile1 0402,487.929,412.5,-2.214
profile1 0403,487.95,412.317,-2.221
profile1 0404,487.864,412.063,-2.231
profile1 0405,487.817,411.887,-2.229
profile1 0406,487.87,411.67,-2.239
profile1 0407,487.84,411.453,-2.248
profile1 0408,487.747,411.248,-2.24
profile1 0409,487.723,411.041,-2.26
profile1 0410,487.688,410.768,-2.253
profile1 0411,487.6,410.515,-2.258
profile1 0412,487.532,410.254,-2.249
profile1 0413,487.568,410.028,-2.259
profile1 0414,487.559,409.817,-2.275
profile1 0415,487.526,409.523,-2.269
profile1 0416,487.524,409.287,-2.291
profile1 0417,487.511,409.051,-2.306
profile1 0418,487.462,408.779,-2.316
profile1 0419,487.43,408.555,-2.296
profile1 0420,487.429,408.388,-2.29
profile1 0421,487.452,408.155,-2.294
profile1 0422,487.446,408.203,-2.328
profile1 0423,487.369,408.055,-2.292
profile1 0424,487.376,407.894,-2.275
profile1 0425,487.408,407.729,-2.287
profile1 0426,487.34,407.528,-2.294
profile1 0427,487.324,407.304,-2.31
profile1 0428,487.323,406.987,-2.311
profile1 0429,487.296,406.733,-2.332
profile1 0430,487.267,406.486,-2.325
profile1 0431,487.335,406.256,-2.337
profile1 0432,487.354,405.982,-2.346
profile1 0433,487.282,405.703,-2.335
profile1 0434,487.288,405.467,-2.349
profile1 0435,487.299,405.181,-2.366
profile1 0436,487.304,404.889,-2.366
profile1 0437,487.333,404.635,-2.378
profile1 0438,487.275,404.331,-2.389
profile1 0439,487.207,403.989,-2.381
profile1 0440,487.23,403.673,-2.392
profile1 0441,487.185,403.457,-2.371
profile1 0442,487.125,403.251,-2.38
profile1 0443,487.151,403.073,-2.392
profile1 0444,487.206,402.852,-2.372
profile1 0445,487.121,402.566,-2.362
profile1 0446,487.061,402.459,-2.405
profile1 0447,486.999,402.322,-2.416
profile1 0448,487.078,402.181,-2.407
profile1 0449,487.11,401.995,-2.418
profile1 0450,487.154,401.799,-2.419
profile1 0451,487.098,401.488,-2.421
profile1 0452,487.07,401.315,-2.4
profile1 0453,487.145,401.081,-2.401
profile1 0454,487.179,400.802,-2.417
profile1 0455,487.219,400.575,-2.422
profile1 0456,487.198,400.378,-2.419
profile1 0457,487.101,400.124,-2.433
profile1 0458,487.02,399.904,-2.429
profile1 0459,486.978,399.674,-2.433
profile1 0460,486.912,399.429,-2.426
profile1 0461,486.897,399.258,-2.432
profile1 0462,486.876,399.024,-2.439
profile1 0463,486.788,398.742,-2.443
profile1 0464,486.787,398.525,-2.446
profile1 0465,486.827,398.348,-2.455
profile1 0466,486.762,398.007,-2.473
profile1 0467,486.687,397.795,-2.452
profile1 0468,486.764,397.593,-2.463
profile1 0469,486.831,397.423,-2.471
profile1 0470,486.801,397.109,-2.48
profile1 0471,486.795,396.879,-2.487
profile1 0472,486.861,396.658,-2.501
profile1 0473,486.824,396.393,-2.51
profile1 0474,486.765,396.24,-2.495
profile1 0475,486.775,396.012,-2.506
profile1 0476,486.76,395.81,-2.504
profile1 0477,486.666,395.543,-2.508
profile1 0478,486.638,395.311,-2.508
profile1 0479,486.679,395.055,-2.529
profile1 0480,486.553,394.803,-2.538
profile1 0481,486.515,394.626,-2.544
profile1 0482,486.53,394.403,-2.543
profile1 0483,486.438,394.2,-2.535
profile1 0484,486.465,394.056,-2.54
profile1 0485,486.498,393.859,-2.557
profile1 0486,486.362,393.617,-2.553
profile1 0487,486.263,393.39,-2.56
profile1 0488,486.256,393.167,-2.573
profile1 0489,486.189,392.926,-2.591
profile1 0490,486.143,392.671,-2.595
profile1 0491,486.099,392.476,-2.579
profile1 0492,486.022,392.297,-2.581
profile1 0493,485.961,392.084,-2.592
profile1 0494,485.953,391.809,-2.598
profile1 0495,485.925,391.554,-2.604
profile1 0496,485.919,391.278,-2.612
profile1 0497,485.903,391.01,-2.618
profile1 0498,485.856,390.701,-2.643
profile1 0499,485.811,390.519,-2.666
profile1 0500,485.753,390.405,-2.665
profile1 0501,485.715,390.214,-2.662
profile1 0502,485.639,390.009,-2.666
profile1 0503,485.52,389.741,-2.662
profile1 0504,485.431,389.559,-2.659
profile1 0505,485.442,389.314,-2.66
profile1 0506,485.451,389.076,-2.667
profile1 0507,485.421,388.864,-2.672
profile1 0508,485.408,388.679,-2.681
profile1 0509,485.395,388.463,-2.697
profile1 0510,485.279,388.184,-2.716
profile1 0511,485.255,387.899,-2.721
profile1 0512,485.29,387.616,-2.735
profile1 0513,485.277,387.35,-2.748
profile1 0514,485.184,387.068,-2.745
profile1 0515,485.181,386.843,-2.757
profile1 0516,485.181,386.659,-2.753
profile1 0517,485.111,386.51,-2.752
profile1 0518,485.05,386.366,-2.774
profile1 0519,485.023,386.22,-2.798
profile1 0520,484.997,386.034,-2.799
profile1 0521,485.026,385.891,-2.792
profile1 0522,485.022,385.675,-2.797
profile1 0523,484.958,385.416,-2.815
profile1 0524,484.913,385.163,-2.83
profile1 0525,484.939,384.854,-2.824
profile1 0526,484.969,384.682,-2.8
profile1 0527,484.951,384.507,-2.826
profile1 0528,484.946,384.315,-2.835
profile1 0529,485,384.06,-2.853
profile1 0530,484.995,383.782,-2.864
profile1 0531,484.865,383.535,-2.855
profile1 0532,484.899,383.303,-2.864
profile1 0533,484.906,383.136,-2.862
profile1 0534,484.867,382.947,-2.875
profile1 0535,484.79,382.754,-2.883
profile1 0536,484.741,382.57,-2.891
profile1 0537,484.706,382.316,-2.904
profile1 0538,484.641,382.073,-2.911
profile1 0539,484.628,381.829,-2.925
profile1 0540,484.612,381.578,-2.949
profile1 0541,484.557,381.306,-2.967
profile1 0542,484.491,381.016,-2.949
profile1 0543,484.507,380.844,-2.946
profile1 0544,484.56,380.628,-2.961
profile1 0545,484.52,380.475,-2.928
profile1 0546,484.537,380.346,-2.935
profile1 0547,484.541,380.187,-2.932
profile1 0548,484.504,380.024,-2.921
profile1 0549,484.444,379.844,-2.911
profile1 0550,484.43,379.699,-2.927
profile1 0551,484.438,379.582,-2.9
profile1 0552,484.478,379.441,-2.926
profile1 0553,484.457,379.279,-2.918
profile1 0554,484.481,379.183,-2.918
profile1 0555,484.564,379.038,-2.954
profile1 0556,484.625,378.847,-2.961
profile1 0557,484.63,378.676,-2.983
profile1 0558,484.549,378.499,-3
profile1 0559,484.542,378.301,-3.034
profile1 0560,484.479,378.024,-3.035
profile1 0561,484.474,377.808,-3.062
profile1 0562,484.476,377.521,-3.072
profile1 0563,484.496,377.337,-3.009
profile1 0564,484.603,377.192,-3.014
profile1 0565,484.618,376.976,-3.031
profile1 0566,484.58,376.69,-3.055
profile1 0567,484.472,376.421,-3.069
profile1 0568,484.403,376.162,-3.082
profile1 0569,484.286,375.903,-3.057
profile1 0570,484.307,375.71,-3.062
profile1 0571,484.228,375.483,-3.066
profile1 0572,484.124,375.245,-3.058
profile1 0573,484.069,375.033,-3.062
profile1 0574,484.086,374.797,-3.074
profile1 0575,484.099,374.549,-3.077
profile1 0576,484.094,374.322,-3.065
profile1 0577,484.134,374.158,-3.05
profile1 0578,484.195,374.019,-3.052
profile1 0579,484.223,373.932,-3.031
profile1 0580,484.376,373.907,-3.033
profile1 0581,484.398,373.699,-3.063
profile1 0582,484.299,373.482,-3.069
profile1 0583,484.327,373.296,-3.079
profile1 0584,484.402,373.111,-3.153
profile1 0585,484.349,372.86,-3.171
profile1 0586,484.398,372.732,-3.127
profile1 0587,484.348,372.591,-3.132
profile1 0588,484.319,372.463,-3.088
profile1 0589,484.359,372.348,-3.077
profile1 0590,484.357,372.203,-3.082
profile1 0591,484.371,372.004,-3.082
profile1 0592,484.378,371.824,-3.113
profile1 0593,484.429,371.729,-3.092
profile1 0594,484.514,371.664,-3.077
profile1 0595,484.517,371.508,-3.119
profile1 0596,484.425,371.279,-3.098
profile1 0597,484.396,371.115,-3.099
profile1 0598,484.386,370.964,-3.117
profile1 0599,484.277,370.813,-3.1
profile1 0600,484.23,370.669,-3.068
profile1 0601,484.305,370.559,-3.129
profile1 0602,484.225,370.389,-3.134
profile1 0603,484.147,370.253,-3.12
profile1 0604,484.1,370.144,-3.109
profile1 0605,484.029,370.019,-3.127
profile1 0606,483.969,369.889,-3.123
profile1 0607,483.966,369.751,-3.102
profile1 0608,483.899,369.637,-3.109
profile1 0609,483.822,369.494,-3.138
profile1 0610,483.752,369.392,-3.17
profile1 0611,483.757,369.415,-3.158
profile1 0612,483.835,369.518,-3.106
profile1 0613,483.951,369.691,-3.174
profile1 0614,483.997,369.792,-3.21
profile1 0615,484.079,369.907,-3.243
profile1 0616,484.224,369.963,-3.211
profile1 0617,484.285,369.859,-3.193
profile1 0618,484.329,369.739,-3.197
profile1 0619,484.367,369.533,-3.183
profile1 0620,484.371,369.391,-3.211
profile1 0621,484.295,369.181,-3.223
profile1 0622,484.253,368.922,-3.256
profile1 0623,484.193,368.748,-3.206
profile1 0624,484.133,368.588,-3.192
profile1 0625,484.205,368.453,-3.201
profile1 0626,484.307,368.263,-3.21
profile1 0627,484.205,367.966,-3.227
profile1 0628,484.182,367.774,-3.143
profile1 0629,484.17,367.628,-3.153
profile1 0630,484.072,367.462,-3.18
profile1 0631,483.971,367.285,-3.166
profile1 0632,483.922,367.112,-3.129
profile1 0633,483.958,366.971,-3.086
profile1 0634,484.03,366.963,-3.044
profile1 0635,484.089,366.992,-3.05
profile1 0636,484.116,366.918,-3.082
profile1 0637,484.1,366.812,-3.196
profile1 0638,484.048,366.662,-3.206
profile1 0639,484.007,366.499,-3.238
profile1 0640,484.078,366.29,-3.264
profile1 0641,484.12,366.102,-3.283
profile1 0642,484.004,365.996,-3.21
profile1 0643,483.825,365.886,-3.183
profile1 0644,483.701,365.801,-3.2
profile1 0645,483.641,365.73,-3.2
profile1 0646,483.581,365.63,-3.187
profile1 0647,483.558,365.629,-3.121
profile1 0648,483.733,365.778,-3.047
profile1 0649,483.927,365.87,-3.063
profile1 0650,483.999,365.89,-3.135
profile1 0651,483.917,365.834,-3.169
profile1 0652,483.958,365.772,-3.218
profile1 0653,483.977,365.638,-3.211
profile1 0654,483.94,365.513,-3.222
profile1 0655,483.893,365.337,-3.208
profile1 0656,483.838,365.15,-3.215
profile1 0657,483.822,365.017,-3.215
profile1 0658,483.851,364.786,-3.229
profile1 0659,483.865,364.584,-3.215
profile1 0660,483.875,364.441,-3.162
profile1 0661,483.821,364.254,-3.147
profile1 0662,483.88,364.047,-3.171
profile1 0663,483.839,363.776,-3.134
profile1 0664,483.815,363.532,-3.131
profile1 0665,483.757,363.241,-3.116
profile1 0666,483.733,363.087,-3.088
profile1 0667,483.704,362.926,-3.094
profile1 0668,483.617,362.69,-3.106
profile1 0669,483.485,362.495,-3.08
profile1 0670,483.395,362.332,-3.078
profile1 0671,483.423,362.223,-3.048
profile1 0672,483.428,362.013,-3.061
profile1 0673,483.306,361.757,-3.058
profile1 0674,483.2,361.59,-3.033
profile1 0675,483.214,361.408,-2.998
profile1 0676,483.223,361.157,-3.005
profile1 0677,483.131,360.978,-2.993
profile1 0678,483.077,360.73,-3.003
profile1 0679,483.072,360.499,-2.988
profile1 0680,483.011,360.352,-2.947
profile1 0681,482.992,360.163,-2.991
profile1 0682,482.991,359.954,-2.97
profile1 0683,482.97,359.807,-2.953
profile1 0684,482.969,359.644,-2.952
profile1 0685,482.964,359.507,-2.943
profile1 0686,482.932,359.33,-2.949
profile1 0687,482.908,359.166,-2.942
profile1 0688,482.936,358.975,-2.912
profile1 0689,482.91,358.742,-2.934
profile1 0690,482.859,358.549,-2.922
profile1 0691,482.908,358.395,-2.912
profile1 0692,482.926,358.216,-2.904
profile1 0693,482.871,357.962,-2.891
profile1 0694,482.876,357.83,-2.871
profile1 0695,482.838,357.649,-2.867
profile1 0696,482.765,357.481,-2.875
profile1 0697,482.777,357.235,-2.903
profile1 0698,482.687,356.948,-2.876
profile1 0699,482.65,356.805,-2.875
profile1 0700,482.693,356.702,-2.867
profile1 0701,482.542,356.489,-2.867
profile1 0702,482.387,356.286,-2.864
profile1 0703,482.304,356.012,-2.877
profile1 0704,482.158,355.79,-2.875
profile1 0705,482.004,355.599,-2.862
profile1 0706,481.905,355.35,-2.877
profile1 0707,481.705,355.065,-2.866
profile1 0708,481.585,354.94,-2.821
profile1 0709,481.613,354.815,-2.758
profile1 0710,481.702,354.982,-2.733
profile1 0711,481.745,355.063,-2.818
profile1 0712,481.744,354.897,-2.841
profile1 0713,481.769,354.699,-2.844
profile1 0714,481.782,354.435,-2.856
profile1 0715,481.683,354.201,-2.832
profile1 0716,481.707,354.073,-2.841
profile1 0717,481.647,353.949,-2.849
profile1 0718,481.509,353.774,-2.851
profile1 0719,481.331,353.462,-2.853
profile1 0720,481.18,353.267,-2.836
profile1 0721,481.141,353.097,-2.841
profile1 0722,481.175,352.877,-2.859
profile1 0723,481.072,352.623,-2.87
profile1 0724,481.02,352.28,-2.874
profile1 0725,481.047,352.098,-2.822
profile1 0726,481.007,351.974,-2.819
profile1 0727,480.936,351.814,-2.832
profile1 0728,480.979,351.601,-2.839
profile1 0729,480.963,351.397,-2.829
profile1 0730,480.912,351.146,-2.855
profile1 0731,480.843,350.91,-2.879
profile1 0732,480.855,350.643,-2.858
profile1 0733,480.774,350.474,-2.847
profile1 0734,480.749,350.325,-2.846
profile1 0735,480.805,350.111,-2.86
profile1 0736,480.797,349.848,-2.854
profile1 0737,480.751,349.549,-2.877
profile1 0738,480.697,349.253,-2.889
profile1 0739,480.639,348.917,-2.893
profile1 0740,480.521,348.677,-2.856
profile1 0741,480.477,348.499,-2.872
profile1 0742,480.475,348.3,-2.886
profile1 0743,480.419,348.062,-2.884
profile1 0744,480.315,347.87,-2.867
profile1 0745,480.253,347.755,-2.833
profile1 0746,480.314,347.668,-2.84
profile1 0747,480.303,347.546,-2.829
profile1 0748,480.345,347.382,-2.875
profile1 0749,480.339,347.21,-2.874
profile1 0750,480.317,347.028,-2.919
profile1 0751,480.249,346.71,-2.922
profile1 0752,480.202,346.542,-2.88
profile1 0753,480.313,346.39,-2.891
profile1 0754,480.319,346.114,-2.912
profile1 0755,480.347,345.869,-2.917
profile1 0756,480.334,345.646,-2.931
profile1 0757,480.209,345.409,-2.96
profile1 0758,480.139,345.145,-2.972
profile1 0759,480.125,344.828,-2.953
profile1 0760,480.06,344.64,-2.923
profile1 0761,480.027,344.362,-2.945
profile1 0762,479.994,344.07,-2.956
profile1 0763,479.91,343.8,-2.955
profile1 0764,479.871,343.548,-2.981
profile1 0765,479.815,343.214,-2.954
profile1 0766,479.745,343.001,-2.935
profile1 0767,479.723,342.831,-2.959
profile1 0768,479.743,342.676,-2.983
profile1 0769,479.809,342.566,-2.973
profile1 0770,479.851,342.43,-2.977
profile1 0771,479.735,342.257,-2.985
profile1 0772,479.642,342.161,-2.979
profile1 0773,479.63,342.065,-2.978
profile1 0774,479.553,341.927,-2.993
profile1 0775,479.506,341.841,-2.996
profile1 0776,479.436,341.695,-2.975
profile1 0777,479.364,341.549,-2.976
profile1 0778,479.234,341.437,-2.987
profile1 0779,479.112,341.307,-2.975
profile1 0780,479.126,341.172,-2.985
profile1 0781,479.111,341.064,-3.015
profile1 0782,479.066,340.93,-3.024
profile1 0783,479.034,340.842,-2.971
profile1 0784,479.082,340.703,-2.976
profile1 0785,479.13,340.522,-2.978
profile1 0786,479.082,340.306,-3.044
profile1 0787,478.993,340.072,-3.026
profile1 0788,478.937,339.866,-3.02
profile1 0789,478.952,339.67,-3.045
profile1 0790,478.908,339.437,-3.045
profile1 0791,478.859,339.179,-3.067
profile1 0792,478.832,338.931,-3.061
profile1 0793,478.811,338.626,-3.078
profile1 0794,478.775,338.33,-3.102
profile1 0795,478.746,338.024,-3.06
profile1 0796,478.777,337.767,-3.041
profile1 0797,478.821,337.59,-3.056
profile1 0798,478.88,337.398,-3.063
profile1 0799,478.862,337.154,-3.056
profile1 0800,478.897,336.964,-3.068
profile1 0801,478.912,336.859,-3.028
profile1 0802,478.993,336.864,-3.046
profile1 0803,479.07,336.825,-3.029
profile1 0804,479.097,336.648,-3.059
profile1 0805,479.09,336.446,-3.071
profile1 0806,479.046,336.206,-3.099
profile1 0807,479.002,336.017,-3.065
profile1 0808,478.884,335.874,-3.117
profile1 0809,478.728,335.811,-3.076
profile1 0810,478.633,335.695,-3.057
profile1 0811,478.644,335.58,-3.059
profile1 0812,478.724,335.464,-3.087
profile1 0813,478.807,335.226,-3.146
profile1 0814,478.751,335.012,-3.173
profile1 0815,478.657,334.879,-3.102
profile1 0816,478.597,334.779,-3.083
profile1 0817,478.568,334.608,-3.109
profile1 0818,478.561,334.432,-3.091
profile1 0819,478.606,334.291,-3.092
profile1 0820,478.635,334.114,-3.113
profile1 0821,478.632,333.941,-3.054
profile1 0822,478.716,333.776,-3.093
profile1 0823,478.813,333.56,-3.128
profile1 0824,478.836,333.358,-3.105
profile1 0825,478.809,333.184,-3.128
profile1 0826,478.772,332.949,-3.158
profile1 0827,478.778,332.63,-3.173
profile1 0828,478.668,332.342,-3.145
profile1 0829,478.561,332.202,-3.113
profile1 0830,478.592,332.027,-3.112
profile1 0831,478.634,331.81,-3.127
profile1 0832,478.604,331.627,-3.113
profile1 0833,478.619,331.492,-3.064
profile1 0834,478.665,331.493,-3.039
profile1 0835,478.758,331.569,-3.045
profile1 0836,478.785,331.587,-3.048
profile1 0837,478.841,331.552,-3.038
profile1 0838,478.922,331.495,-3.041
profile1 0839,478.918,331.429,-3.019
profile1 0840,478.998,331.38,-3.069
profile1 0841,478.898,331.242,-3.144
profile1 0842,478.842,331.01,-3.146
profile1 0843,478.803,330.854,-3.102
profile1 0844,478.772,330.702,-3.117
profile1 0845,478.631,330.431,-3.127
profile1 0846,478.5,330.313,-3.072
profile1 0847,478.471,330.189,-3.056
profile1 0848,478.53,330.062,-3.074
profile1 0849,478.503,329.854,-3.142
profile1 0850,478.35,329.587,-3.085
profile1 0851,478.247,329.368,-3.1
profile1 0852,478.123,329.165,-3.066
profile1 0853,478.049,329.048,-3.018
profile1 0854,478.08,328.952,-2.983
profile1 0855,478.092,328.871,-3.019
profile1 0856,478.012,328.766,-3.022
profile1 0857,477.95,328.656,-3.018
profile1 0858,477.949,328.553,-3.023
profile1 0859,477.96,328.45,-3.06
profile1 0860,477.966,328.291,-3.059
profile1 0861,477.976,328.086,-3.07
profile1 0862,477.883,327.844,-3.042
profile1 0863,477.839,327.648,-3.035
profile1 0864,477.822,327.384,-3.061
profile1 0865,477.798,327.114,-2.992
profile1 0866,477.808,326.954,-3.006
profile1 0867,477.824,326.757,-3.018
profile1 0868,477.728,326.475,-3.054
profile1 0869,477.528,326.173,-3.079
profile1 0870,477.441,325.894,-3.042
profile1 0871,477.338,325.619,-3.03
profile1 0872,477.235,325.385,-3.027
profile1 0873,477.193,325.165,-3.007
profile1 0874,477.258,325.034,-2.975
profile1 0875,477.275,324.978,-2.973
profile1 0876,477.135,324.862,-3.029
profile1 0877,477.065,324.754,-3.081
profile1 0878,477.108,324.58,-3.141
profile1 0879,476.993,324.36,-3.104
profile1 0880,476.937,324.193,-3.021
profile1 0881,476.977,324.03,-3.071
profile1 0882,476.887,323.854,-3.106
profile1 0883,476.744,323.624,-3.092
profile1 0884,476.666,323.401,-3.12
profile1 0885,476.542,323.173,-3.142
profile1 0886,476.454,322.934,-3.136
profile1 0887,476.483,322.794,-3.123
profile1 0888,476.456,322.635,-3.125
profile1 0889,476.34,322.469,-3.121
profile1 0890,476.266,322.29,-3.086
profile1 0891,476.176,322.159,-3.1
profile1 0892,476.053,322.075,-3.081
profile1 0893,475.914,322.07,-3.065
profile1 0894,475.83,322,-3.041
profile1 0895,475.783,322.04,-3.012
profile1 0896,475.769,322.161,-2.991
profile1 0897,475.739,322.247,-2.99
profile1 0898,475.728,322.248,-3.006
profile1 0899,475.699,322.097,-3.122
profile1 0900,475.607,321.931,-3.223
profile1 0901,475.572,321.846,-3.196
profile1 0902,475.612,321.677,-3.182
profile1 0903,475.559,321.518,-3.17
profile1 0904,475.522,321.365,-3.165
profile1 0905,475.504,321.219,-3.204
profile1 0906,475.44,320.945,-3.282
profile1 0907,475.395,320.742,-3.252
profile1 0908,475.33,320.576,-3.258
profile1 0909,475.306,320.47,-3.253
profile1 0910,475.277,320.338,-3.253
profile1 0911,475.245,320.183,-3.26
profile1 0912,475.209,320.027,-3.266
profile1 0913,475.203,319.928,-3.261
profile1 0914,475.18,319.756,-3.233
profile1 0915,475.195,319.758,-3.182
profile1 0916,475.237,319.823,-3.104
profile1 0917,475.322,319.976,-3.018
profile1 0918,475.354,320.075,-2.966
profile1 0919,475.39,320.222,-2.843
profile1 0920,475.683,320.454,-2.864
profile1 0921,476.314,320.743,-3.05
profile1 0922,476.919,320.769,-3.188
profile1 0923,477.461,320.563,-3.212
